<div class="text-contents" style="margin-top: 1em;">
  <h4>
    ΤΑΔΕ ΠΕΡΙΕΧΕΙ Η ΠΡΩΤΗ ΒΙΒΛΟΣ ΤΗΣ ΕΚΚΛΗΣΙΑΣΤΙΚΗΣ ΙΣΤΟΡΙΑΣ ΕΥΣΕΒΙΟΥ ΤΟΥ ΠΑΜΦΙΛΥ.
  </h4>

  <ul style="list-style-type: none;">
    <li style="margin-bottom: 0.5em;">
      <span>αʹ </span>
      <a href="?section=book-1/chapter-1">Τίς ἡ τῆς ἐπαγγελίας ὑπόθεσις.</a>
    </li>
    <li style="margin-bottom: 0.5em;">
      <span>βʹ </span>
      <a href="?section=book-1/chapter-2">Ἐπιτομὴ κεφαλαιώδης περὶ τῆς κατὰ τὸν σωτῆρα καὶ κύριον ἡμῶν τὸν Χριστὸν τοῦ θεοῦ προυπάρξεώς τε καὶ θεολογίας.</a>
    </li>
    <li style="margin-bottom: 0.5em;">
      <span>γʹ </span>
      <a href="?section=book-1/chapter-3">Ὡς καὶ τὸ Ἰησοῦ ὄνομα, καὶ αὐτὸ δὴ τὸ τοῦ Χριστοῦ, ἔγνωστό τε ἀνέκαθεν καὶ τετίμητο παρὰ τοῖς θεσπεσίοις προφήταις.</a>
    </li>
    <li style="margin-bottom: 0.5em;">
      <span>δʹ </span>
      <a href="?section=book-1/chapter-4">Ὡς οὐ νεώτερος, οὐδὲ ξενίζων ἦν ὁ τρόπος τῆς πρὸς αὐτοῦ καταγγελθείσης πᾶσι τοῖς ἔθνεσιν εὐσεβείας.</a>
    </li>
    <li style="margin-bottom: 0.5em;">
      <span>εʹ </span>
      <a href="?section=book-1/chapter-5">Περὶ τῶν χρόνων τῆς ἐπιφανείας αὐτοῦ τῆς εἰς ἀνθρώπους.</a>
    </li>
    <li style="margin-bottom: 0.5em;">
      <span>Ϛʹ </span>
      <a href="?section=book-1/chapter-6">Ὡς κατὰ τοὺς χρόνους αὐτοῦ ἀκολούθως ταῖς προφητείαις ἐξέλιπον ἄρχοντες οἱ τὸ πρὶν ἐκ προγόνων διαδοχῆς τοῦ Ἰουδαίων ἔθνους ἡγούμενοι πρῶτός τε ἀλλόφυλος βασιλεύει αὐτῶν Ἡρῴδης.</a>
    </li>
    <li style="margin-bottom: 0.5em;">
      <span>ζʹ </span>
      <a href="?section=book-1/chapter-7">Περὶ τῆς ἐν τοῖς εὐαγγελίοις νομιζομένης διαφωνίας τῆς περὶ τοῦ Χριστοῦ γενεαλογίας.</a>
    </li>
    <li style="margin-bottom: 0.5em;">
      <span>ηʹ </span>
      <a href="?section=book-1/chapter-8">Περὶ τῆς Ἡρῴδου κατὰ τῶν παίδων ἐπιβουλῆς καὶ οἵα μετῆλθεν αὐτὸν καταστροφὴ βίου.</a>
    </li>
    <li style="margin-bottom: 0.5em;">
      <span>θʹ </span>
      <a href="?section=book-1/chapter-9">Περὶ τῶν κατὰ Πιλάτον χρόνων.</a>
    </li>
    <li style="margin-bottom: 0.5em;">
      <span>ιʹ </span>
      <a href="?section=book-1/chapter-10">Περὶ τῶν παρὰ Ἰουδαίοις ἀρχιερέων, καθ' οὓς ὁ Χριστὸς τὴν διδασκαλίαν ἐποιήσατο.</a>
    </li>
    <li style="margin-bottom: 0.5em;">
      <span>ιαʹ </span>
      <a href="?section=book-1/chapter-11">Τὰ περὶ Ἰωάννου τοῦ βαπτιστοῦ καὶ τοῦ Χριστοῦ μεμαρτυρημένα.</a>
    </li>
    <li style="margin-bottom: 0.5em;">
      <span>ιβʹ </span>
      <a href="?section=book-1/chapter-12">Περὶ τῶν μαθητῶν τοῦ σωτῆρος ἡμῶν.</a>
    </li>
    <li style="margin-bottom: 0.5em;">
      <span>ιγʹ </span>
      <a href="?section=book-1/chapter-13">Ἱστορία περὶ τοῦ τῶν Ἐδεσσηνῶν δυνάστου.</a>
    </li>
  </ul>
</div>
