<section class="sc-level-2" style="margin-top: 1em;">
  <h4 id="diogenes-alexander">
    <span class="word" id="a.NDg0NjQ0NTk3NTI4NjQ=">ΔΙΟΓΕΝΗΣ</span>
    <span class="word" id="a.MjQ3MjE0MTUyNDEyOTQ2">ΚΑΙ</span>
    <span class="word" id="a.MTI0NTQ2MzQ2NDIyNjA5">ΑΛΕΞΑΝΔΡΟΣ</span>
  </h4>
  <h5 style="text-align: center;">
    <span class="word" id="a.ODE4NjAwMzQwMTMyMTI=">ΔΙΟΓΕΝΗΣ</span>
  </h5>
  <p>
    <span class="word" id="a.MTM2NjMxOTU3NzA0MDA5">Τί</span>
    <span class="word" id="a.MTA0NDMxMDc0NTg4Njg2">τοῦτο,</span>
    <span class="word" id="a.OTU5NjU2NDAzODU1MTE=">ὦ</span>
    <span class="word" id="a.MTk1MTcyMDI4MjkzMzMz">Ἀλέξανδρε;</span>
    <span class="word" id="a.MTYyMjM5NzQ2OTgxOTU2">καὶ</span>
    <span class="word" id="a.MTgyODUyNzEzNjAxNzk0">συ</span>
    <span class="word" id="a.MTgwMzkzOTAxNjM0OTM0">τέθνηκας</span>
    <span class="word" id="a.MTg3NDQ5MTAyMDk1Mzc=">ὥσπερ</span>
    <span class="word" id="a.MTk5NDQ0MzY0NzYwMzUx">καὶ</span>
    <span class="word" id="a.MjI5NzE2MzU1MTQyMDk0">ἡμεῖς</span>
    <span class="word" id="a.MjA5MDU0NzkzMDg5ODUz">ἅπαντες;</span>
  </p>
  <h5 style="text-align: center;">
    <span class="word" id="a.MjY3MDQ2ODM1NTU1NzY3">ΑΛΕΞΑΝΔΡΟΣ</span>
  </h5>
  <p>
    <span class="word" id="a.MTcwOTY2Njg4MDY1OTI4">Ὁρᾷς,</span>
    <span class="word" id="a.NzAzODUwMTcwMTgwOTU=">ὦ</span>
    <span class="word" id="a.MjE2NTEwNDIxNDQ3NDkw">Διόγενες:</span>
    <span class="word" id="a.Mjc3NDM5Nzc3NjM3Mzg=">οὐ</span>
    <span class="word" id="a.MTI0NDc0MjQ3ODg1MDg4">παράδοξον</span>
    <span class="word" id="a.MTI1NjczMzY0OTY0NjE=">δέ,</span>
    <span class="word" id="a.NDM5MDQ3NTYxMzA4Mzg=">εἰ</span>
    <span class="word" id="a.MTQwODY4Njk3OTg0NzUw">ἄνθρωπος</span>
    <span class="word" id="a.MTcxNTc2MTIyOTAzODU2">ὢν</span>
    <span class="word" id="a.MTc0MDQwOTk1MDMwMTc5">ἀπέθανον.</span>
  </p>
  <h5 style="text-align: center;">
    <span class="word" id="a.MTg2OTg4NzE4ODA2NzAz">ΔΙΟΓΕΝΗΣ</span>
  </h5>
  <p>
    <span class="word" id="a.MzUxNDUyMTQwNTM4ODI=">Πὐκοῦν</span>
    <span class="word" id="a.ODgzMTA1Mzg4NTQwMTI=">ὁ</span>
    <span class="word" id="a.NTE5OTkwNDYwNjMyMDA=">Ἄμμων</span>
    <span class="word" id="a.NTY2Nzc4NTI1NjY4NDI=">ἐψεύδετο</span>
    <span class="word" id="a.MTk4MTAxMzM2OTI3MzU1">λέγων</span>
    <span class="word" id="a.MjAxMjU1NDI1MDA2MjI0">ἑαυτοῦ</span>
    <span class="word" id="a.MjE0NzIyNjY0NDkyOTk5">σε</span>
    <span class="word" id="a.MjYwNzQzNTk3MjAzNDc0">εἶναι,</span>
    <span class="word" id="a.MTg0NzIyNTQ0OTk0MjYx">σὺ</span>
    <span class="word" id="a.MjQxOTM3MjYxNzQxNDQ2">δὲ</span>
    <span class="word" id="a.MjY1MzgzMDYxNzg5NDE0">Φιλίππου</span>
    <span class="word" id="a.MjA4MDY2NTI0MTQwMTMy">ἄρα</span>
    <span class="word" id="a.MjMyOTgwNzc4OTUwNDA=">ἦσθα;</span>
  </p>
  <h5 style="text-align: center;">
    <span class="word" id="a.MjY3MTc0MTIxMjM0NTM0">ΑΛΕΞΑΝΔΡΟΣ</span>
  </h5>
  <p>
    <span class="word" id="a.NTc0MDMwNTU3NjYwMjQ=">Φιλίππου</span>
    <span class="word" id="a.MjA2ODU1OTY5MjMwODQ3">δηλαδή:</span>
    <span class="word" id="a.ODYyMDYyMDAxMTUyODE=">οὐ</span>
    <span class="word" id="a.MzM1OTE4NjQyNDk4NDU=">γὰρ</span>
    <span class="word" id="a.MjI3MTM0NzU1ODA0MTgx">ἂν</span>
    <span class="word" id="a.MTM3NDI4OTEyMTExODQ0">ἐτεθνήκειν</span>
    <span class="word" id="a.ODg5NjEwNzg1OTIwMDI=">Ἄμμωνος</span>
    <span class="word" id="a.NjY0MTU2NzkyNjkxMjY=">ὤν.</span>
  </p>
  <h5 style="text-align: center;">
    <span class="word" id="a.MjE4ODIyMzgyMDM0NTUx">ΔΙΟΓΕΝΗΣ</span>
  </h5>
  <p>
    <span class="word" id="a.NjE3NjY3NzU3ODExNTg=">Καὶ</span>
    <span class="word" id="a.MjY4NzQyNzEwODIxOTkx">μὴν</span>
    <span class="word" id="a.MTQ2MzE2MjE2NDQ1OTEw">καὶ</span>
    <span class="word" id="a.Nzc5NTc1NTc2MTgzOQ==">περὶ</span>
    <span class="word" id="a.MTU4OTM3NDExMTIwMDkw">τῆς</span>
    <span class="word" id="a.NjcwMTkxNTU4NzY0MTA=">Ὀλυμπιάδος</span>
    <span class="word" id="a.MTQ1OTc2OTA1MjYxOTE2">ὅμοια</span>
    <span class="word" id="a.MjY1Nzg0NDUwNDM1NTQ=">ἐλέγετο,</span>
    <span class="word" id="a.MzY3NzAwMjQzMDY0NDQ=">δράκοντα</span>
    <span class="word" id="a.Njg0Njk0ODMzMTI3Mzc=">ὁμιλεῖν</span>
    <span class="word" id="a.NDQyMjQ4NDA0Mjc5MzM=">αὐτῇ</span>
    <span class="word" id="a.NTMxNDYxMTE2OTEwNw==">καὶ</span>
    <span class="word" id="a.MjUyMjU0NDI3NDYwOTk5">βλέπεσθαι</span>
    <span class="word" id="a.MTI0NzUwMjA4Njc0MDUz">ἐν</span>
    <span class="word" id="a.OTY5ODg0NjUxOTc0ODk=">τῇ</span>
    <span class="word" id="a.MTcyNjQ4MjExMzM2NzQx">εὐνῇ,</span>
    <span class="word" id="a.MjYxOTQxNTQ2NTE4OTE5">εἶτα</span>
    <span class="word" id="a.MTk0OTcxNzcxMDUwNjUw">οὕτω</span>
    <span class="word" id="a.MTA5MDg2Nzc5MTk4NzI=">σε</span>
    <span class="word" id="a.NjY5OTgxMDc1MjE3NjQ=">τεχθῆναι,</span>
    <span class="word" id="a.MTQ0MTE2Mjg4NDM4MzU4">τὸν</span>
    <span class="word" id="a.Mjc1NTIxOTk5MjAwOTA3">δὲ</span>
    <span class="word" id="a.MTE1MjQ0Mzk0MzAxMTMw">Φίλιππον</span>
    <span class="word" id="a.NjE1MTk2MTc0OTM1MDQ=">ἐξηπατῆσθαι</span>
    <span class="word" id="a.MTk4MDY5NTMyOTkxNjI1">οἰόμενον</span>
    <span class="word" id="a.MTc1MTcyNDkxMzUyNTI4">παρ᾽</span>
    <span class="word" id="a.MjU2MjE3NjU3NDc1MDgy">ἑαυτοῦ</span>
    <span class="word" id="a.OTE4MDQzODgyNTcxNjI=">σε</span>
    <span class="word" id="a.MzI4OTUzMjA1NjY0ODY=">εἶναι.</span>
  </p>
  <h5 style="text-align: center;">
    <span class="word" id="a.MjQ2MzQwMDYzNzI3NTcw">ΑΛΕΞΑΝΔΡΟΣ</span>
  </h5>
  <p>
    <span class="word" id="a.MTM0MDc2NzE3MTE1NzYy">Κἀγὼ</span>
    <span class="word" id="a.MjY3MjU4NDE0NjAxNDI3">ταῦτα</span>
    <span class="word" id="a.MTc3NDUzNDc0Nzg5NjA3">ἤκουον</span>
    <span class="word" id="a.MjUyMDI0MzM2MTQ5NzIz">ὥσπερ</span>
    <span class="word" id="a.MTI3ODcxMDc2MjQwNjU5">σύ,</span>
    <span class="word" id="a.MTIyNTY2ODA0NjU4OTY=">νῦν</span>
    <span class="word" id="a.MjA5NjIyNjE1NTkxMjg2">δὲ</span>
    <span class="word" id="a.MjcyMjMyNzU1NjEyNzU1">ὁρῶ,</span>
    <span class="word" id="a.MTE1MDYzMzM1MjA0NDIy">ὅτι</span>
    <span class="word" id="a.MjIyODE5NTQ5NTU5MTEz">οὐδὲν</span>
    <span class="word" id="a.MjM5NzA4ODgzNzQ5ODI3">ὑγιὲς</span>
    <span class="word" id="a.MTc3NTA2NzU5NTkzNzM=">οὔτε</span>
    <span class="word" id="a.MzM4NjIyNDQ4MzM3NDA=">ἡ</span>
    <span class="word" id="a.MTM2NzYyNzUxOTI4MDc1">μήτηρ</span>
    <span class="word" id="a.MjMxMDQ1NTMyODUzNTU=">οὔτε</span>
    <span class="word" id="a.MjI2MDQ5NzYwOTkzNDcy">οἱ</span>
    <span class="word" id="a.MjU3NTc3ODc0MjQ4NzM5">τῶν</span>
    <span class="word" id="a.MjUzNDQxOTAzNjU1ODYz">Ἀμμωνίων</span>
    <span class="word" id="a.NzMyOTQyNjAxOTY3MjE=">προφῆται</span>
    <span class="word" id="a.MTYyMzM3Nzk5MTk4MjMx">ἔλεγον.</span>
  </p>
  <h5 style="text-align: center;">
    <span class="word" id="a.MTA2OTI3OTE4NDY4MDc5">ΔΙΟΓΕΝΗΣ</span>
  </h5>
  <p>
    <span class="word" id="a.MTkzMjQ5ODI4MTU3NzEz">Ἀλλὰ</span>
    <span class="word" id="a.MTQxOTUxOTIxMDUzNTc2">τὸ</span>
    <span class="word" id="a.MTc4NzE1NDAwODU5Njgz">ψεῦδος</span>
    <span class="word" id="a.Mzk5NTMyODMyNTUwOTQ=">αὐτῶν</span>
    <span class="word" id="a.MTgxNDI4MzM5MzI3NTM0">οὐκ</span>
    <span class="word" id="a.MjYxNzYzMzcyOTgzMDEw">ἄχρηστόν</span>
    <span class="word" id="a.Mjg1Njg2NjExMDc3ODk=">σοι,</span>
    <span class="word" id="a.NDc1MDUyNzk5NDMwNDY=">ὦ</span>
    <span class="word" id="a.MjQxNDA5NTU0NTgwODIy">Ἀλέξανδρε,</span>
    <span class="word" id="a.MTQ5MzI5NzYwNTgwMTIy">πρὸς</span>
    <span class="word" id="a.OTE0MDg0MjE5Mjc0OTc=">τὰ</span>
    <span class="word" id="a.MjM5ODE3NjQ1OTAxOTEx">πράγματα</span>
    <span class="word" id="a.MTAwMDY3MTE5OTMyMzUz">ἐγένετο:</span>
    <span class="word" id="a.MjYyODEyMTg2MjQ5MTQ0">πολλοὶ</span>
    <span class="word" id="a.MTI4NjIyMzQ4NDYwODc1">γὰρ</span>
    <span class="word" id="a.ODU5MzY5NTY2MjMxODU=">ὑπέπτησσον</span>
    <span class="word" id="a.MTk1NjEwNjEyODE0ODM=">θεὸν</span>
    <span class="word" id="a.MjU3NDE0Nzk1ODM4NjQ3">εἶναί</span>
    <span class="word" id="a.NTkzNzk1OTkwNjYyODc=">σε</span>
    <span class="word" id="a.MTc5NzI2Mjk3NzkzOTk4">νομίζοντες.</span>
    <span class="word" id="a.MzYzMjc2NTk4NjU0MDc=">ἀτὰρ</span>
    <span class="word" id="a.NzIxNjM1NjkxODcwMjg=">εἰπέ</span>
    <span class="word" id="a.MTgyODMyNTA2MzQ3NDQw">μοι,</span>
    <span class="word" id="a.MTE5NjAzNTU1MTUzOTUy">τίνι</span>
    <span class="word" id="a.MjcxNTU1MDM1MTU3Mzg0">τὴν</span>
    <span class="word" id="a.MzM5Njc1NTY3ODc5OA==">τοσαύτην</span>
    <span class="word" id="a.ODA4OTgzMzkxNzMzMDY=">ἀρχὴν</span>
    <span class="word" id="a.MTA3NjQyNjAxOTM5MzEw">καταλέλοιπας;</span>
  </p>
  <h5 style="text-align: center;">
    <span class="word" id="a.MTgzNzc5Mjk3ODM4NTYx">ΑΛΕΞΑΝΔΡΟΣ</span>
  </h5>
  <p>
    <span class="word" id="a.MTk0OTMyODI5MTA4MTUz">Οὐκ</span>
    <span class="word" id="a.MTA1OTE3NTU2OTY4MjE2">οἶδα,</span>
    <span class="word" id="a.NjE3MTI5ODAxOTk1NjA=">ὦ</span>
    <span class="word" id="a.MTI3NDA5MzQyNjEyODU5">Διόνενες:</span>
    <span class="word" id="a.MTY1NzAzNjI5MDkxOTc5">οὐ</span>
    <span class="word" id="a.MTQwNjMzNTMyNTgwNjMy">γὰρ</span>
    <span class="word" id="a.MjgwOTEwNjc2Mjk0MjI=">ἔφθασα</span>
    <span class="word" id="a.MTEyMjQwNjMwNTI3ODc4">ἐπισκῆψαί</span>
    <span class="word" id="a.MjQ2NDUwMDY5NjA3NzYz">τι</span>
    <span class="word" id="a.Nzg2NzIxOTQ2ODk0Ng==">περὶ</span>
    <span class="word" id="a.MjU5NjAxMjY2OTA3Nzg=">αὐτῆς</span>
    <span class="word" id="a.MjgwODA0NzQyOTc4NDI=">ἢ</span>
    <span class="word" id="a.MjcxNDMyMjMwMTU0NzQ=">τοῦτο</span>
    <span class="word" id="a.ODEwMjM5MDk2ODQ1Mg==">μόνον,</span>
    <span class="word" id="a.Njc3ODY0NTQyMDM5NDU=">ὅτι</span>
    <span class="word" id="a.MTgwMTkxNjEwNDkyODQ3">ἀποθνήσκων</span>
    <span class="word" id="a.Mjk5MjQxOTYxMzgxMjc=">Περδίκκᾳ</span>
    <span class="word" id="a.MjY1NTQ5MzI1MTg1NjI3">τὸν</span>
    <span class="word" id="a.OTY1NjQwMDc5Mzg0ODQ=">δακτύλιον</span>
    <span class="word" id="a.Mzk4NDA1MzQ5MDA5NjU=">ἐπέδωκα.</span>
    <span class="word" id="a.MTEzOTM0ODk2NTY5MTc=">πλὴν</span>
    <span class="word" id="a.OTU5ODc2Njc2NjQ1MjY=">ἀλλὰ</span>
    <span class="word" id="a.MTgwNjU3OTM1MzcyMzI5">τί</span>
    <span class="word" id="a.NjM4MTEzMjk5MzE4NDc=">γελᾷς,</span>
    <span class="word" id="a.MjY4MzEyMTgwODg0ODY0">ὦ</span>
    <span class="word" id="a.MTIwNTU3MjE0NjE4ODc2">Διόγενες;</span>
  </p>
  <h5 style="text-align: center;">
    <span class="word" id="a.MTY5MTkyODAwNDM3NjU2">ΔΙΟΓΕΝΗΣ</span>
  </h5>
  <p>
    <span class="word" id="a.MjQwMTA4ODQzNTU1MDg2">Τί</span>
    <span class="word" id="a.MjAyODA0NDQzNDQzNDQ5">γὰρ</span>
    <span class="word" id="a.MjE5NjA0Nzc2NjA5NjAy">ἄλλο</span>
    <span class="word" id="a.MjI2NzI1MDUyMjg0MjM0">ἢ</span>
    <span class="word" id="a.MTY0Nzg5OTQ1OTYyODcz">ἀνεμνήσθην</span>
    <span class="word" id="a.NjE4ODMwMDkyMDM3MDM=">οἷα</span>
    <span class="word" id="a.MTYzNTU4MDMyMDU5OTIx">ἐποίει</span>
    <span class="word" id="a.MTUzNzg0OTUxMzgzOTA5">ἡ</span>
    <span class="word" id="a.MTQ2NzY0NTM3MTI3ODcw">Ἑλλάς,</span>
    <span class="word" id="a.MjIxMTA5MjkwMzI5Nzk3">ἄρτι</span>
    <span class="word" id="a.NTg0NzQ4ODE5MjE0MzA=">σε</span>
    <span class="word" id="a.MjQ0MjA0OTY4NjQyODk4">παρειληφότα</span>
    <span class="word" id="a.MjA2Nzc3MzM5OTE3MzI1">τὴν</span>
    <span class="word" id="a.OTE3MjI0NDQ2ODQ3Nzg=">ἀρχὴν</span>
    <span class="word" id="a.MTYzMDEzNTkyOTE3NzEx">κολακεύοντες</span>
    <span class="word" id="a.NDI5NTUxODg5ODE1Mzc=">καὶ</span>
    <span class="word" id="a.MTUwODk5NjE0OTYzMDAx">προστάτην</span>
    <span class="word" id="a.MjMyOTYzNjYyNDk3NzIz">αἱρούμενοι</span>
    <span class="word" id="a.NjgyODAwMDM5NjAzMDI=">καὶ</span>
    <span class="word" id="a.MjY1NTk4ODM2NjM3MzE4">στρατηγὸν</span>
    <span class="word" id="a.MjEzMDc0MjA3ODM0Mzk4">ἐπὶ</span>
    <span class="word" id="a.MjQ5ODgyOTM4MzA5MzYx">τοὺς</span>
    <span class="word" id="a.NDkzNDU3NDEwNjc2MjE=">βαρβάρους,</span>
    <span class="word" id="a.OTI3OTcwOTE1ODE5MzI=">ἔνιοι</span>
    <span class="word" id="a.MTEzMjgxMDE2NjgyNDg2">δὲ</span>
    <span class="word" id="a.MTA2NzEyNTY2NTgxNDIw">καὶ</span>
    <span class="word" id="a.MTc0MDg0OTM5NzMyODI2">τοῖς</span>
    <span class="word" id="a.MTUyNzI1ODY3MTE0NDg=">δώδεκα</span>
    <span class="word" id="a.ODIxNzQ1MjU4MDQwODQ=">θεοῖς</span>
    <span class="word" id="a.NDI1MTA3OTg1NTg3Mjc=">προστιθέντες</span>
    <span class="word" id="a.MTU1NzEyMTUzMzA5OTY5">καὶ</span>
    <span class="word" id="a.ODI4NjE1NDI0Njg0NjM=">οἰκοδομοῦντές</span>
    <span class="word" id="a.MTQwMDkyNTM2MTQ5ODMz">σοι</span>
    <span class="word" id="a.MjU3OTkwNTQzODM3NTM0">νεὼς</span>
    <span class="word" id="a.OTg2ODQ2OTcxMzI3OTM=">καὶ</span>
    <span class="word" id="a.OTE1NzE1NTEwNDMzOA==">θύοντες</span>
    <span class="word" id="a.ODk1MjEwNjgyNDg3MjU=">ὡς</span>
    <span class="word" id="a.MTI1MTExNTI5ODU2MjU4">δράκοντος</span>
    <span class="word" id="a.MTc4MDc4MDYyMDk3Mzcx">υἱῷ.</span>
    <span class="word" id="a.NTY3NDkwODczNDY5MjY=">ἀλλ᾽</span>
    <span class="word" id="a.MTgyMTA1NzQzNjcxNzM4">εἰπέ</span>
    <span class="word" id="a.MTQyNDY5MTg5NDM0Nzg1">μοι,</span>
    <span class="word" id="a.MTg3NjQ2NzcxOTI5MTIx">ποῦ</span>
    <span class="word" id="a.MjE0NTE2NDc1NDA4ODQ2">σε</span>
    <span class="word" id="a.MjY3MDY3MjM3OTY0NjMz">οἱ</span>
    <span class="word" id="a.ODQwNzcwMjAzMjc4NzI=">Μακεδόνες</span>
    <span class="word" id="a.ODY0NTk2MzI1NzY3ODk=">ἔθαψαν;</span>
  </p>
  <h5 style="text-align: center;">
    <span class="word" id="a.MjQxNzY4MTY5MzI0MDEx">ΑΛΕΞΑΝΔΡΟΣ</span>
  </h5>
  <p>
    <span class="word" id="a.MjExNDU2NTE2MTI0NjM1">Ἔτι</span>
    <span class="word" id="a.MjUxNTcxNjIzMjM1ODQ0">ἐν</span>
    <span class="word" id="a.NjA5MDc2NDA4NjMxNzc=">Βαβυλῶνι</span>
    <span class="word" id="a.MTM5MDM3Njc0ODc1NTg=">κεῖμαι</span>
    <span class="word" id="a.MTkwNjU3ODM1MjU1OTQ4">τριακοστὴν</span>
    <span class="word" id="a.MjgwMDA1MTEyNjYxMjE2">ταύτην</span>
    <span class="word" id="a.MjM0NTAzMjQzMzcyMzYy">ἡμέραν,</span>
    <span class="word" id="a.MTgzMDc4MTc3NTk4Mjky">ὑπισχνεῖται</span>
    <span class="word" id="a.MTY3NTcxODM5OTkyMQ==">δὲ</span>
    <span class="word" id="a.MTIzODA3NDUyOTE0ODI0">Πτολεμαῖος</span>
    <span class="word" id="a.MjYxMTAzOTk2NTUzNDYy">ὁ</span>
    <span class="word" id="a.MzQyMzQ0OTY0ODA3ODU=">ὑπασπιστής,</span>
    <span class="word" id="a.MjczNDY5MTM0NzI0Mzgx">ἤν</span>
    <span class="word" id="a.MTYzNzg4NTY4MjEzOTgz">ποτε</span>
    <span class="word" id="a.MTAxOTc1MjE4OTgxMTc5">ἀγάγῃ</span>
    <span class="word" id="a.MjQ2MzQxNjE2Mzc3ODg5">σχολὴν</span>
    <span class="word" id="a.Mjc1MDA2OTcxODY1MzM1">ἀπὸ</span>
    <span class="word" id="a.MjAwNzkyMzc1NTk5Njkz">τῶν</span>
    <span class="word" id="a.MTQwMTU2MzM2ODY2NzUy">θορύβων</span>
    <span class="word" id="a.ODMzNjgzNzc1MjI2ODU=">τῶν</span>
    <span class="word" id="a.MjM5Mjg4MzMzNDg3NjM5">ἐν</span>
    <span class="word" id="a.MTAyOTgyNDE4MzM1OTA5">ποσίν,</span>
    <span class="word" id="a.MTIzNTcxMjE0NjYyNzA3">ἐς</span>
    <span class="word" id="a.MjYxMTUyNDc2ODc0NjU5">Αἴγυπτον</span>
    <span class="word" id="a.MTQyNzg5OTU1MTQyMDg0">ἀπαγαγὼν</span>
    <span class="word" id="a.MjU2MDA2OTUzNjA2NzIx">θάψειν</span>
    <span class="word" id="a.Mjc0MjM4NzM4NTA1ODI=">ἐκεῖ,</span>
    <span class="word" id="a.MTk2NDY5MTA2OTY3NTM5">ὡς</span>
    <span class="word" id="a.MjY3MTk4NTgwMTc1Mzg4">γενοίμην</span>
    <span class="word" id="a.MTgwMDQ0MTEyNDU3ODcz">εἷς</span>
    <span class="word" id="a.Mjc3NDU1MzQ3NTM5NzY1">τῶν</span>
    <span class="word" id="a.NDI2OTA2OTgyOTcwMTY=">Αἰγυπτίων</span>
    <span class="word" id="a.OTg1ODg3MzQxNDQzODY=">θεῶν.</span>
  </p>
  <h5 style="text-align: center;">
    <span class="word" id="a.MTY4MjkwNjYzMjYzMDIx">ΔΙΟΓΕΝΗΣ</span>
  </h5>
  <p>
    <span class="word" id="a.MTgwNTE5OTMwNDI4NTM5">Μὴ</span>
    <span class="word" id="a.NjIwOTc2Mzg1MTA4ODA=">γελάσω</span>
    <span class="word" id="a.MjU3MDA5MzQ2Mzg4ODI0">οὖν,</span>
    <span class="word" id="a.MTAxMjk0MzE2NjExODI4">ὦ</span>
    <span class="word" id="a.MjI1MDQ2NjU5NjQ4MDg3">Ἀλέξανδρε,</span>
    <span class="word" id="a.MTg3NjA0ODI0OTYyMTM0">ὁρῶν</span>
    <span class="word" id="a.MzI5MDg4NDg1Mzk2MTU=">καὶ</span>
    <span class="word" id="a.MTQ5NjU5MzAzOTg3MDc3">ἐν</span>
    <span class="word" id="a.NjY0MTQyMzYxOTY3NjI=">ᾍδου</span>
    <span class="word" id="a.MTMwNzQ2MDg2NTE2MDU5">ἔτι</span>
    <span class="word" id="a.MTM1NjkzNDIxMjQzMzE3">σε</span>
    <span class="word" id="a.MjI3MzU0MjUzMjY0NDY=">μωραίνοντα</span>
    <span class="word" id="a.MjcwNDQzMTg0NDg2NzMx">καὶ</span>
    <span class="word" id="a.NjgzMTM2NDg4MTUyMDM=">ἐλπίζοντα</span>
    <span class="word" id="a.MTMzNzAzNjgzMTA0NDcy">Ἄνουβιν</span>
    <span class="word" id="a.MTMyNzA2NjI1NjQ2Mjk1">ἢ</span>
    <span class="word" id="a.NDcxNDY1ODk4MjE4MjY=">Ὄσιριν</span>
    <span class="word" id="a.NTY3ODk4NjY0ODI2OTY=">γενήσεσθαι;</span>
    <span class="word" id="a.MjU5NDE0Mjc4NTgzNzcy">πλὴν</span>
    <span class="word" id="a.MjI5MDk0MTE3MDIwNTU=">ἀλλὰ</span>
    <span class="word" id="a.NTgxMjczMzA3MjcyMjg=">ταῦτα</span>
    <span class="word" id="a.MTQ2ODEzNTAyNDI2NTIx">μέν,</span>
    <span class="word" id="a.MTY2NjA2MDkzMDE5Nzg0">ὦ</span>
    <span class="word" id="a.MTg3MzYzMjUwODU1ODU4">θειότατε,</span>
    <span class="word" id="a.MTUxNDU4MDQ1Mjg3MDcy">μὴ</span>
    <span class="word" id="a.NjM5MzI3MzYzMzIwNTQ=">ἐλπίσῃς:</span>
    <span class="word" id="a.MzE1NjA2MDc5OTgwOTU=">οὐ</span>
    <span class="word" id="a.MjU5MTQyNzY5NzU3ODM3">γὰρ</span>
    <span class="word" id="a.MjE5ODc3Mzg5MTg5NjEw">θέμις</span>
    <span class="word" id="a.MTEzNTIzMzM2NzYzMzUw">ἀνελθεῖν</span>
    <span class="word" id="a.MTY4NDcwMzkzNTI0OTg1">τινα</span>
    <span class="word" id="a.MTc5NTkwMTY1NDUwOTU4">τῶν</span>
    <span class="word" id="a.Njk2MTkwNTQ3NDI4NDc=">ἅπαξ</span>
    <span class="word" id="a.NTA1NTIzNDAzNzg5MQ==">διαπλευσάντων</span>
    <span class="word" id="a.MTEwMTUwNjUzNDU5MjE=">τὴν</span>
    <span class="word" id="a.OTA3NjMyNDIwNzk5MDc=">λίμνην</span>
    <span class="word" id="a.MTE2ODk4OTI5OTcxNjM5">καὶ</span>
    <span class="word" id="a.MTY3MDIxNjg0NTQ3MDg3">ἐς</span>
    <span class="word" id="a.MTQyNzQ0MzA4NTg5NDc4">τὸ</span>
    <span class="word" id="a.MjA5OTgxNDQ3MDE4NzA5">εἴσω</span>
    <span class="word" id="a.NjMwMTgxNjMwMTIxODU=">τοῦ</span>
    <span class="word" id="a.NjkyOTEyODMxNTIxNDY=">στομίου</span>
    <span class="word" id="a.MjE3NTkzMjQ0NDY5MDg=">παρελθόντων:</span>
    <span class="word" id="a.MTY2MTEwMTU1MTA2OTA=">οὐ</span>
    <span class="word" id="a.MjExMzcwODMxNzc0Nzc5">γὰρ</span>
    <span class="word" id="a.NzA2MjE5MjU3MDY0Njc=">ἀμελὴς</span>
    <span class="word" id="a.MTUxMDA2NzIxNDA3ODAw">ὁ</span>
    <span class="word" id="a.MTQxNzU4Nzg1ODc1NjAx">Αἰακὸς</span>
    <span class="word" id="a.MjE1NTE1MDcxNDExNjg0">οὐδ᾽</span>
    <span class="word" id="a.Mjc5MDUwMzIyMTY3OTQ2">ὁ</span>
    <span class="word" id="a.NzA4MDg4ODcxMTU3MTk=">Κέρβερος</span>
    <span class="word" id="a.MjQ1Mzc0NDM1ODk2MTQz">εὐκαταφρόνητος.</span>
    <span class="word" id="a.ODQzMTEzNTk5MzczNjI=">ἐκεῖνο</span>
    <span class="word" id="a.MjM4NzkwMTIxODM2NTYz">δέ</span>
    <span class="word" id="a.ODYyOTU3OTU0MTI3MDA=">γε</span>
    <span class="word" id="a.MjE2MDE3NjY2OTk1MzQ1">ἡδέως</span>
    <span class="word" id="a.MTE0MzA3NDIwNTQwMzUx">ἂν</span>
    <span class="word" id="a.ODk3NTIwMDQ5NTAyMDA=">μάθοιμι</span>
    <span class="word" id="a.MTY2MTQ5MDA5MTA2NDgz">παρὰ</span>
    <span class="word" id="a.MTc1MTkwODQ1MTIxNDk0">σοῦ,</span>
    <span class="word" id="a.MTAyNjA1MTU3NTIxNTEx">πῶς</span>
    <span class="word" id="a.OTA4NzU0MTY0OTczODM=">φέρεις,</span>
    <span class="word" id="a.MTAxMzc4MDQyMDUxMzU=">ὁπόταν</span>
    <span class="word" id="a.NDA5NjQwNzI2NzMzMzc=">ἐννοήσῃς,</span>
    <span class="word" id="a.MTY2NTI3Njg3NzUwODgy">ὅσην</span>
    <span class="word" id="a.MjIwMTk2MjM5OTU2MDA5">εὐδαιμονίαν</span>
    <span class="word" id="a.MTQ4MDgzODEwMTg4MTY1">ὑπὲρ</span>
    <span class="word" id="a.Mjc5ODkzOTQ4OTk4NTg4">γῆς</span>
    <span class="word" id="a.MTQ4NjI0MzI0NjUzNTgz">ἀπολιπὼν</span>
    <span class="word" id="a.NTA5NTUwNTYzNTExNTE=">ἀφῖξαι,</span>
    <span class="word" id="a.MTgyMTc1OTkzNTA0NTM0">σωματοφύλακας</span>
    <span class="word" id="a.MjcwMzM5MDQ0MzQ4NTM0">καὶ</span>
    <span class="word" id="a.MTc3NTkyNzYxMzQ2Njc=">ὑπασπιστὰς</span>
    <span class="word" id="a.MjA0MTAxODQ1ODQzNDIx">καὶ</span>
    <span class="word" id="a.MTg5NTA5MDE2NDA4MzU2">σατράπας</span>
    <span class="word" id="a.MjgwMDI2NDM0MTc3MDAx">καὶ</span>
    <span class="word" id="a.MTc4Nzg1NTc1NzE4MDA=">χρυσὸν</span>
    <span class="word" id="a.NDM4Njg2MzQ4NDI5">τοσοῦτον</span>
    <span class="word" id="a.NTM0MjI0OTE2NzMyMTY=">καὶ</span>
    <span class="word" id="a.MTA4Mjc3NzMwOTIwMTc1">ἔθνη</span>
    <span class="word" id="a.MTYwMzYxMDA1NDAzMzQ4">προσκυνοῦντα</span>
    <span class="word" id="a.MTIyMzg2MjkzNTkxMTEw">καὶ</span>
    <span class="word" id="a.MjQ2MDM3OTE1NzAxNTc0">Βαβυλῶνα</span>
    <span class="word" id="a.MTMxMjU0MjkyOTQ0Nzc1">καὶ</span>
    <span class="word" id="a.ODM3ODYwMTUyMTIyNDA=">Βάκτρα</span>
    <span class="word" id="a.MTg3Njc0MzcyMzA5NjE=">καὶ</span>
    <span class="word" id="a.MjQzNTAxMzA1OTI2NDIy">τὰ</span>
    <span class="word" id="a.MTU5NDM1NzAwMjQ1NTky">μεγάλα</span>
    <span class="word" id="a.MTAwMTI2MzkzNjMzOTU1">θηρία</span>
    <span class="word" id="a.MTczOTQwNjc0MzQxNDE3">καὶ</span>
    <span class="word" id="a.NzMwOTk3MjYzNDczMTA=">τιμὴν</span>
    <span class="word" id="a.MjQ1NjY4OTAxOTY4MzYz">καὶ</span>
    <span class="word" id="a.MTYwMDA1NzExMzQ4NTY2">δόξαν</span>
    <span class="word" id="a.MjEyNDQxNTk1NDQxMTUz">καὶ</span>
    <span class="word" id="a.MjI2Mzk4NjMyNDkxMjA5">τὸ</span>
    <span class="word" id="a.OTQzMjI1OTA3MzM5ODU=">ἐπίσημον</span>
    <span class="word" id="a.MjgxMzgwODI1MTMxMzUz">εἶναι</span>
    <span class="word" id="a.MTE0MzA5ODIyNDM5NDAw">ἐξελαύνοντα</span>
    <span class="word" id="a.MTQyNTgzNjk4NDkzODE0">διαδεδεμένον</span>
    <span class="word" id="a.MjA4MTE1MDY5MDY4MTg4">ταινίᾳ</span>
    <span class="word" id="a.MTg2NDk0MzIzMTk1NTAx">λευκῇ</span>
    <span class="word" id="a.MTg5NTQ4MDg1MDU4ODgy">τὴν</span>
    <span class="word" id="a.MTI4MjE4NTI3MjI2NzQ4">κεφαλὴν</span>
    <span class="word" id="a.ODA2ODkxOTY3NTY4Njg=">πορφυρίδα</span>
    <span class="word" id="a.MTc0OTE3ODczODg5NDc5">ἐμπεπορπημένον.</span>
    <span class="word" id="a.MTI4NjE5MzE4MzYyMDU=">οὐ</span>
    <span class="word" id="a.MjkzODk1NjA3MTM2NDI=">λυπεῖ</span>
    <span class="word" id="a.OTU1NDIzNTc3MjA1MTQ=">ταῦτά</span>
    <span class="word" id="a.MjIyNTM3MTAxNzUyNDk2">σε</span>
    <span class="word" id="a.MTQ3MzMxMjYwNTc3Mzc0">ὑπὸ</span>
    <span class="word" id="a.NTQ4ODE4NzgzMTM4MDc=">τὴν</span>
    <span class="word" id="a.MTE3OTU3NTA3NTkzMTk5">μνήμην</span>
    <span class="word" id="a.MTQxODM4OTE4MDI0ODg=">ἰόντα;</span>
    <span class="word" id="a.MTkyMjI5MDk2NjU4MDI0">τί</span>
    <span class="word" id="a.NDM5ODI0NzE5MTMxMzI=">δακρύεις,</span>
    <span class="word" id="a.MTcwNDUwNzI4NjI1NTYx">ὦ</span>
    <span class="word" id="a.NzQ3OTYwOTgyNTkyNDE=">μάταιε;</span>
    <span class="word" id="a.MTYyNjMzNjY4MjgyNzc2">οὐδὲ</span>
    <span class="word" id="a.NzM0MzA4ODU5OTUxODU=">ταῦτά</span>
    <span class="word" id="a.MTM2NTY5Nzg5NDUxNDYz">σε</span>
    <span class="word" id="a.MjA0MDMzNzIwNzk4ODI0">ὁ</span>
    <span class="word" id="a.MjE2Nzk5OTMzMzAyODk=">σοφὸς</span>
    <span class="word" id="a.MjIyMzE3NjY2MDExODc0">Ἀριστοτέλης</span>
    <span class="word" id="a.MjYwODMyNTQ4MDM0OTcw">ἐπαίδευσε</span>
    <span class="word" id="a.MjQ0Mzg2NjI3NzI1MDQw">μὴ</span>
    <span class="word" id="a.MTQzMjk5MTYzMTkzNDUz">οἴεσθαι</span>
    <span class="word" id="a.MjE5NzE5ODkyNTgwMjQ3">βέβαια</span>
    <span class="word" id="a.MjQ1NzU2NTQxODg3Nzc2">εἶναι</span>
    <span class="word" id="a.MTA0MTQzODIyNDg5NjUx">τὰ</span>
    <span class="word" id="a.MTkwNjA0ODY3MzYyMTQ=">παρὰ</span>
    <span class="word" id="a.MTA2NzY1NjIyMzc0MjUz">τῆς</span>
    <span class="word" id="a.MjcyODQ5NzE3MjYyOTQx">τύχης;</span>
  </p>
  <h5 style="text-align: center;">
    <span class="word" id="a.MjY4MzE5NDY1MjUwMzEz">ΑΛΕΞΑΝΔΡΟΣ</span>
  </h5>
  <p>
    <span class="word" id="a.MjE4NTgyODE1ODY3MDQ5">Ὁ</span>
    <span class="word" id="a.Mjc1MzM2OTA0NDU1MzY1">σοφός;</span>
    <span class="word" id="a.MTgwMDQ1OTkzNzE2MDE2">ἁπάντων</span>
    <span class="word" id="a.MTcwODE3MDYwOTkzNjA5">ἐκεῖνος</span>
    <span class="word" id="a.NDgzODcyNTI0NDY0OTI=">κολάκων</span>
    <span class="word" id="a.MTkyMzg5MTUxMTczMTk1">ἐπιτριπτότατος</span>
    <span class="word" id="a.MTMzOTYxNTYwNTQ1NDAy">ὤν.</span>
    <span class="word" id="a.MTE3MzIwNTExMDMxNTY3">ἐμὲ</span>
    <span class="word" id="a.MjE0MTg3MDMwNjkyNjI=">μόνον</span>
    <span class="word" id="a.Mjc2OTA5OTk3MDA1NTE5">ἔασον</span>
    <span class="word" id="a.MzE1MzY4MzExMjk5OTY=">τὰ</span>
    <span class="word" id="a.OTc1Njk5NzIyNzIwOQ==">Ἀριστοτέλους</span>
    <span class="word" id="a.MjcxMTYwMTA3NTQ1NTAy">εἰδέναι,</span>
    <span class="word" id="a.MTg3MDY2NzgwNTg1NDEy">ὅσα</span>
    <span class="word" id="a.MjE2NDIzNDUzNjAxOTky">μὲν</span>
    <span class="word" id="a.MjExMDI3MTE0NDIyNzU2">ᾔτησε</span>
    <span class="word" id="a.MTAwOTY3NzA2NDUxNjc=">παρ᾽</span>
    <span class="word" id="a.ODIwNTM5MzM3MjIzMDM=">ἐμοῦ,</span>
    <span class="word" id="a.MjMxOTk0NDAwMzA1NzEx">οἷα</span>
    <span class="word" id="a.MTg2OTQyMjI3MzY2NzE1">δὲ</span>
    <span class="word" id="a.NTU2NzM0NDEwMDMxNw==">ἐπέστελλεν,</span>
    <span class="word" id="a.MjExNTMxNDAwOTY1NDc2">ὡς</span>
    <span class="word" id="a.MTcxNzEyODAxOTQ0MjUx">δὲ</span>
    <span class="word" id="a.MTc4NjgyMTU4ODk0ODc3">κατεχρῆτό</span>
    <span class="word" id="a.MTc3Mzc4NjgyMDE0NDQw">μου</span>
    <span class="word" id="a.MTg3ODI1NDk2MTE2NjE4">τῇ</span>
    <span class="word" id="a.MjM4ODMxMDQ4NDUzMzQx">περὶ</span>
    <span class="word" id="a.OTE3MTM4MTI0NjkyMg==">παιδείαν</span>
    <span class="word" id="a.MzU1MjAyMDgyMjUzOQ==">φιλοτιμίᾳ</span>
    <span class="word" id="a.ODc5NDgwOTIxNTExMzU=">θωπεύων</span>
    <span class="word" id="a.MTA2MzkxMjY2NjczNTky">καὶ</span>
    <span class="word" id="a.MTYyMTgxNDc2NTY3MjM4">ἐπαινῶν</span>
    <span class="word" id="a.MjA4ODA3ODA2ODA3NDM4">ἄρτι</span>
    <span class="word" id="a.ODM1MTcyMDA1OTAyNDc=">μὲν</span>
    <span class="word" id="a.MjE0NzE1MDkyMDE3NDE1">πρὸς</span>
    <span class="word" id="a.MjI2OTkzMzUyODQ1OTU5">τὸ</span>
    <span class="word" id="a.NDY3NTc3NDI5MTUyOTg=">κάλλος,</span>
    <span class="word" id="a.MjQ0NzU3ODU4OTA4MQ==">ὡς</span>
    <span class="word" id="a.MTc2ODU5Mzg2OTU2MDI3">καὶ</span>
    <span class="word" id="a.NzcwODk5NDc3ODk4NTQ=">τοῦτο</span>
    <span class="word" id="a.MjcwNjYyOTEzODk5Njcx">μέρος</span>
    <span class="word" id="a.MTM2ODMyMTM0NzA0MzQx">ὂν</span>
    <span class="word" id="a.MjUzMzgwMzY4MDgyODU0">τἀγαθοῦ,</span>
    <span class="word" id="a.MTg3NTU3MDUyNzY1Mzk5">ἄρτι</span>
    <span class="word" id="a.NjExMzQ1OTgzMTEyMjk=">δὲ</span>
    <span class="word" id="a.MTg3MTkxMjk3MTEzNjE0">ἐς</span>
    <span class="word" id="a.NzM1NDI1NzA4OTAxODA=">τὰς</span>
    <span class="word" id="a.MjYyMzMxMTA4MjIwMzUx">πράξεις</span>
    <span class="word" id="a.MjU0NTQwMzcxNjEyNDc2">καὶ</span>
    <span class="word" id="a.MTUzNzIxMTUwODM3Mjgz">τὸν</span>
    <span class="word" id="a.MjgxNDA0OTEzMDY4NzI5">πλοῦτον.</span>
    <span class="word" id="a.MTI5NjAyMzc0NTc1MDcy">καὶ</span>
    <span class="word" id="a.MjA5OTYwMDgxMjYxODY3">γὰρ</span>
    <span class="word" id="a.MjQyMTcxNTI5ODI4MzM4">αὖ</span>
    <span class="word" id="a.NjAyODI4MTg2NDk1MzY=">καὶ</span>
    <span class="word" id="a.MjE1NDUxNjgxNDMwOTUz">τοῦτο</span>
    <span class="word" id="a.MjMwMzMyMjQ3MjYzNTE0">ἀγαθὸν</span>
    <span class="word" id="a.ODI2MTk0NzE3MzEzNzQ=">ἡγεῖτο</span>
    <span class="word" id="a.MTk0NDkzODMyNDE0MTYw">εἶναι,</span>
    <span class="word" id="a.MjYzNzM5MDIyNjY1NzYx">ὡς</span>
    <span class="word" id="a.MjcwNDE4MTM3NzY4NDI3">μὴ</span>
    <span class="word" id="a.MjE4OTUzMTQ5MTA4NDY3">αἰσχύνοιτο</span>
    <span class="word" id="a.MjUxODExNDQwOTk3NTM0">καὶ</span>
    <span class="word" id="a.MTA1NTAxMDk2MTEzNTY0">αὑτὸς</span>
    <span class="word" id="a.MTY4MzQ3NzcxMDA5Mjgw">λαμβάνων:</span>
    <span class="word" id="a.NjQ4MDMyMjM5MzIyMTU=">γόης,</span>
    <span class="word" id="a.MTU4MDEyNjY5NjUzNjM1">ὦ</span>
    <span class="word" id="a.Mzc5NzQwNjM0ODA0NjQ=">Διόγενες,</span>
    <span class="word" id="a.MjM4MTQ1MTkyNjg2NjA5">ἄνθρωπος</span>
    <span class="word" id="a.OTUwMzIwOTMxMjIxMDA=">καὶ</span>
    <span class="word" id="a.NTIwMzY0NjA0NjMyNA==">τεχνίτης.</span>
    <span class="word" id="a.Mjc2MDc1MzQ3MTM0NDE1">πλὴν</span>
    <span class="word" id="a.MTMxMTMxODIxMTAyMDcy">ἀλλὰ</span>
    <span class="word" id="a.NjUzOTk1MjI3MzIyNjY=">τοῦτό</span>
    <span class="word" id="a.MTQ1NTI5MjEzMjI0NTcx">γε</span>
    <span class="word" id="a.MjU3NzAxNDA2ODEwNjUx">ἀπολέλαυκα</span>
    <span class="word" id="a.MTUxODA3MzQ2ODI2NTU3">αὐτοῦ</span>
    <span class="word" id="a.MjMyMDM1MjQ4ODI4OTUw">τῆς</span>
    <span class="word" id="a.ODA2MDY4NzQzNjIxOA==">σοφίας,</span>
    <span class="word" id="a.MTIwNjk2MTc0NjAzNjM0">τὸ</span>
    <span class="word" id="a.Mzk3MDM1NDE2MDAwNzA=">λυπεῖσθαι</span>
    <span class="word" id="a.MTE1MjI2MDM1NDQwNjIx">ὡς</span>
    <span class="word" id="a.MTI5MDU2NTA2NTcwOTQ0">ἐπὶ</span>
    <span class="word" id="a.MTcwMDY2NTQ3NjM3OTA1">μεγίστοις</span>
    <span class="word" id="a.ODE0NzY5NTcyODYzNTk=">ἀγαθοῖς</span>
    <span class="word" id="a.MzM4MTY2MTA0MTYyMzI=">ἐκείνοις.</span>
    <span class="word" id="a.MjExODIwNTM2MTk0MzQ=">ἃ</span>
    <span class="word" id="a.MTMxNjc5Mjg1NzE5MjY3">κατηριθμήσω</span>
    <span class="word" id="a.MTA5MTk3MDYzMzMwMzg=">μικρῷ</span>
    <span class="word" id="a.MTYzODM5MDg1MDUzODIx">γε</span>
    <span class="word" id="a.MjI1Nzg5NzAzMTcxMzcw">ἔμπροσθεν.</span>
  </p>
  <h5 style="text-align: center;">
    <span class="word" id="a.MTUyMDIzMzU4Njk5NzQ1">ΔΙΟΓΕΝΗΣ</span>
  </h5>
  <p>
    <span class="word" id="a.MTIyNTAwMTAzNzY2ODEz">Ἀλλ᾽</span>
    <span class="word" id="a.NjE1NzM4OTQ5OTU3Njc=">οἶσθα</span>
    <span class="word" id="a.MTM3NTgzNzU3NjE4NTg=">ὃ</span>
    <span class="word" id="a.MTU2NTQ0NDUzNDg5MzM0">δράσεις;</span>
    <span class="word" id="a.MTgzNTMyMzczODg5ODE2">ἄκος</span>
    <span class="word" id="a.MjE1NzY0NDgzNDkwODM=">γάρ</span>
    <span class="word" id="a.MTE0OTg0MTM2Nzc0Njg1">σοι</span>
    <span class="word" id="a.OTU1NDg2NzQ4MjczMDA=">τῆς</span>
    <span class="word" id="a.MjgwMTA2NTQ3NjkyOTE0">λύπης</span>
    <span class="word" id="a.MjU5MDE2MzMxNDg2MDQ0">ὑποθήσομαι.</span>
    <span class="word" id="a.MjExNjcyMDY0NjcwNDg5">ἐπεὶ</span>
    <span class="word" id="a.Njg2NzE1NDU4MjYyMzE=">ἐνταῦθά</span>
    <span class="word" id="a.MTg2NDEwNTE0MDMxNTg4">γε</span>
    <span class="word" id="a.MTE4MzEyMTAxODI3MzU5">ἐλλέβορος</span>
    <span class="word" id="a.MTg1MjA3NjQ3ODQ3NDM2">οὐ</span>
    <span class="word" id="a.MzkzNjMwMTM0NTM5ODA=">φύε</span>
    <span class="word" id="a.MjYwMDY3NzY4MTA5OTg2">ται,</span>
    <span class="word" id="a.ODMxODg1NTAxMTM0MjU=">σὺ</span>
    <span class="word" id="a.MzUyOTQ2MTI4NDMxOTI=">δὲ</span>
    <span class="word" id="a.MjAwNDQyNTk5MTU5NDI0">κἂν</span>
    <span class="word" id="a.MjIxMDk1MjEzOTQ2NDM1">τὸ</span>
    <span class="word" id="a.MjczNzAwMDQ5NjM4MDQx">Λήθης</span>
    <span class="word" id="a.NDIyNTA1NzUyMzgyNzg=">ὕδωρ</span>
    <span class="word" id="a.OTA1MzUyOTU1MzI0NTk=">χανδὸν</span>
    <span class="word" id="a.NTkyOTc4OTQ1NTI4Ng==">ἐπισπασάμενος</span>
    <span class="word" id="a.MjM3NTk2NjEzNTQzNjI5">πίε</span>
    <span class="word" id="a.ODk5MTE3ODI2NDAzMTI=">καὶ</span>
    <span class="word" id="a.MTU2MDQ1MTMwMDAyNzU0">αὖθις</span>
    <span class="word" id="a.MjcwOTY5NTI2NjgzMjUz">πίε</span>
    <span class="word" id="a.MTgyMDMxNDM0MzYxNzgx">καὶ</span>
    <span class="word" id="a.Njc4MDA5MDU0NzYyNTA=">πολλάκις:</span>
    <span class="word" id="a.MTczMTMzNTA4NzU5NTkw">οὕτως</span>
    <span class="word" id="a.MzIwNjg1Njc4MzAxMjk=">γὰρ</span>
    <span class="word" id="a.MjY1NTExODcyMjc2NzA4">παύσῃ</span>
    <span class="word" id="a.MTAxOTkzMDAyODQxOTk0">ἐπὶ</span>
    <span class="word" id="a.MjEzNTk1NTY4MDk1NDU1">τοῖς</span>
    <span class="word" id="a.MjI2MDA3Mjc0NTI4ODM5">Ἀριστοτέλους</span>
    <span class="word" id="a.NjE0OTE0OTEyOTE2Nzc=">ἀγαθοῖς</span>
    <span class="word" id="a.MTY5NTUzMjQyMDQxMTU=">ἀνιώμενος.</span>
    <span class="word" id="a.MjUxMzY4OTgwMjA0NTI0">καὶ</span>
    <span class="word" id="a.NDIyNzc2OTU4NTI5NjA=">γὰρ</span>
    <span class="word" id="a.MTkwNzgzMjQ4OTE4MDg3">Κλεῖτον</span>
    <span class="word" id="a.MTk4ODQyMTkxNTQwNDIy">ἐκεῖνον</span>
    <span class="word" id="a.MjE5Nzc0NDU1NTgxMTgx">ὁρῶ</span>
    <span class="word" id="a.MjA2MjA4MzM5MzYzODc=">καὶ</span>
    <span class="word" id="a.MjAyNjM0ODMzMDYxNjcw">Καλλισθένην</span>
    <span class="word" id="a.MjU1Nzk1ODk5OTU1NTY5">καὶ</span>
    <span class="word" id="a.ODAzMDA1Mjc1ODQ1NTQ=">ἄλλους</span>
    <span class="word" id="a.MjU5NTYzNTM2NDg4OTQ4">πολλοὺς</span>
    <span class="word" id="a.NjgxNzAwMDAxOTE4Ng==">ἐπὶ</span>
    <span class="word" id="a.MTkxODUwMTU0NDU3OTEy">σὲ</span>
    <span class="word" id="a.ODMxODQyNzE2Mzg0Nzc=">ὁρμῶντας,</span>
    <span class="word" id="a.MTY1MzY3NDUwOTI2NjE=">ὡς</span>
    <span class="word" id="a.MzU5MjAwNTAyNjg4ODQ=">διασπάσαιντο</span>
    <span class="word" id="a.MjQ5MDY4MjY1ODE0NDgw">καὶ</span>
    <span class="word" id="a.OTQxNDU1NDM3MTA2MTc=">ἀμύναιντό</span>
    <span class="word" id="a.MjE2MzgzMDAyMzkyMzY2">σε</span>
    <span class="word" id="a.MjU4MzU0MDUxNzY5Njc4">ὧν</span>
    <span class="word" id="a.MTQ2NDg2NjQyMjE4NTk=">ἔδρασας</span>
    <span class="word" id="a.MTE4OTE2NjMzNDI5MzAy">αὐτούς.</span>
    <span class="word" id="a.ODgyNjA2ODcyNTY3MjM=">ὥστε</span>
    <span class="word" id="a.MTI0Nzc2MTkyMDEwMzY5">τὴν</span>
    <span class="word" id="a.NDgxMTg0MDUwMjg0MDM=">ἑτέραν</span>
    <span class="word" id="a.MjA2NDcyNzMxNTM4NDU0">σὺ</span>
    <span class="word" id="a.OTUzMjgzNjg5MTI1Nzc=">ταύτην</span>
    <span class="word" id="a.MjA0MTUyNzEyNDUyNDY5">βάδιζε</span>
    <span class="word" id="a.MjE2MTM5NjE1NDIyMDYx">καὶ</span>
    <span class="word" id="a.MTYwNDg5NjQ2ODExNDQ5">πῖνε</span>
    <span class="word" id="a.MTk0NzUxNjIwMzM3NDk1">πολλάκις,</span>
    <span class="word" id="a.MjA5NDkzMzk4ODU0Njk=">ὡς</span>
    <span class="word" id="a.MzQ5MTE5Mzk3MTc3MjU=">ἔφην.</span>
  </p>
</section>
