<section class="sc-level-2" style="margin-top: 1em;">
  <h4 id="psalm-91">
    <div class="line">
      <span class="word" id="a.Mjc0MzI4MDU5OTYxNDcz">ΨΑΛΜΟΣ</span>
      <span class="word" id="a.MjY1NDU3MzEwMjUyOTA0">ῼΔΗΣ,</span>
    </div>
    <div class="line">
      <span class="word" id="a.MTA4MTQyOTYzODIyMjkz">ΕΙΣ</span>
      <span class="word" id="a.MTQwNzM4NjcyOTA2ODI5">ΤΗΝ</span>
      <span class="word" id="a.MTk0Njk3NzY2ODgwMTc2">ΗΜΕΡΑΝ</span>
      <span class="word" id="a.MjY4OTI2MTMzMDU2NTk3">ΤΟΥ</span>
      <span class="word" id="a.MjAzMDAwMjMzOTg4MDk0">ΣΑΒΒΑΤΟΥ.</span>
    </div>
    <div class="line">ϞΑʹ.</div>
  </h4>
  <p>
    <em>
      <span class="word" id="a.MTUxNDc2MTY5ODQyNjU0">Ἀγαθὸν</span>
      <span class="word" id="a.MjM0MzkyNTgxODI5OTEw">τὸ</span>
      <span class="word" id="a.MTkzODQ1NjkwOTg5NTY0">ἐξομολογεῖσθαι</span>
      <span class="word" id="a.MjM3NzE5NjU0OTM2MzQx">τῷ</span>
      <span class="word" id="a.OTIyNzMyNjU2ODE3NTM=">Κυρίῳ,</span>
      <span class="word" id="a.MjcyMjY5NjM0MDM2ODgw">καὶ</span>
      <span class="word" id="a.MjI1OTA5MjYyNDYyMDk2">ψάλλειν</span>
      <span class="word" id="a.NDMyOTU0NjkzMzgyMzA=">τῷ</span>
      <span class="word" id="a.NDY4OTY2NTkyMjEzOTY=">ὀνόματί</span>
      <span class="word" id="a.MjQ5Mjc1NTA4NzUwNTIx">σου,</span>
      <span class="word" id="a.MTc3NDkxOTMyODUwMDIy">Ὕψιστε,</span>
      <span class="word" id="a.MjQ2NTM4MDM2MzA0MDM2">τοῦ</span>
      <span class="word" id="a.MTg0Njg5MTg5MjY2NTQy">ἀναγγέλλειν</span>
      <span class="word" id="a.MTg2MzU5ODg4Nzk1MDM2">τὸ</span>
      <span class="word" id="a.MTg4MTUyMDkyNjU5ODI1">πρωῒ</span>
      <span class="word" id="a.MTM1Mzk4ODU2MzYzNDg4">τὸ</span>
      <span class="word" id="a.MjExNDEzMjUyODYwMDI1">ἔλεός</span>
      <span class="word" id="a.MTQxNDU2MjkxOTg3NTE1">σου</span>
      <span class="word" id="a.Mjg5NTM1NDk3MDAzOTM=">καὶ</span>
      <span class="word" id="a.MTY3MzAzNTkyNzc4ODg5">τὴν</span>
      <span class="word" id="a.MjgwMzYxNjQ3NDczNDY1">ἀλήθειάν</span>
      <span class="word" id="a.NDk3NzYzMzY5ODgwMTc=">σου</span>
      <span class="word" id="a.MjIxOTM0MDA5ODg1MTgy">κατὰ</span>
      <span class="word" id="a.MTMxODk0NTczNDc1OTc=">νύκτα,</span>
      <span class="word" id="a.MjgxMzczODk5MTQ3MTY2">ἐν</span>
      <span class="word" id="a.MTQ2NzgwMTA3NjIyNzgx">δεκαχόρδῳ</span>
      <span class="word" id="a.MTY3Mjc0MjcwOTU0MDY5">ψαλτηρίῳ</span>
      <span class="word" id="a.MTEyMjEwMTg0MDc3ODI=">μετ’</span>
      <span class="word" id="a.MTgzMzY0OTgwNzE1ODgz">ᾠδῆς</span>
      <span class="word" id="a.MjU3NDcxMjA5MTc2OTE0">ἐν</span>
      <span class="word" id="a.MjY1MTY5Nzg3MjY1MDkw">κιθάρᾳ.</span>
    </em>
    <span>
      <span class="word" id="a.OTM4MDg3OTM4ODk4MjY=">Τὰς</span>
      <span class="word" id="a.MTI1NDgwODg4ODE2MzU1">τῶν</span>
      <span class="word" id="a.MjYwNTUxNjgzNDE0Mzg4">Σαββάτων</span>
      <span class="word" id="a.NTg5NjcwNDgwMDkxNjQ=">ἡμέρας</span>
      <span class="word" id="a.MTI2MTgyNTgzODEzMzk=">οἱ</span>
      <span class="word" id="a.MTA0NjY1OTA3MzcwNjMz">πρὸ</span>
      <span class="word" id="a.NDIyODc5MjMzMTgwMTE=">Μωϋσέως</span>
      <span class="word" id="a.MTYzMzM4MTk2OTA0MzA4">δίκαιοι</span>
      <span class="word" id="a.MjMzOTEyNTQwNTkzMzYz">καὶ</span>
      <span class="word" id="a.MjU0NTAwNDcxOTkwODU5">θεοφιλεῖς</span>
      <span class="word" id="a.MTY1NTUwODQzMjkxNzQ5">ἄνδρες</span>
      <span class="word" id="a.MTc4NTU4MTE1MzExNjQ=">οὔτ’</span>
      <span class="word" id="a.MjEyNjc1Mjc2MTc2NTE=">ᾔδεσαν,</span>
      <span class="word" id="a.NzQ2MjMzNjMzNzcxOTg=">οὔτ’</span>
      <span class="word" id="a.MTM2MTIxODEzMDI4NjY5">ἐφύλαττον.</span>
      <span class="word" id="a.MTkxOTUxMzMzODQ5OTAx">Οὔτ’</span>
      <span class="word" id="a.MTk2NDYzNTgwMzk3MTYy">οὖν</span>
      <span class="word" id="a.ODIzNjA5NzEzMTI4MjY=">αὐτὸς</span>
      <span class="word" id="a.MTcwMzA1ODMzMTg0NTUy">Ἀβραὰμ,</span>
      <span class="word" id="a.MjM3ODAxNzM5ODU2NDk2">οὔτε</span>
      <span class="word" id="a.MTEwNDMyMTM3MDgxNjI4">Ἰσαὰκ,</span>
      <span class="word" id="a.MTE4MDExNzc2ODg5NzY3">οὔτε</span>
      <span class="word" id="a.NTUyMjIzNjI5MzgyNjg=">Ἰακὼβ,</span>
      <span class="word" id="a.MTcyMjAyNTg0NjYzNzI3">οὔτε</span>
      <span class="word" id="a.MjQ2NzA2NjA1NDkzMTc=">οἱ</span>
      <span class="word" id="a.MjQ3Mjk4Mjc4MTc2NjM5">τούτου</span>
      <span class="word" id="a.MTQzODcxNDg4NDY2Mzc=">παῖδες,</span>
      <span class="word" id="a.MTkzODI0MTI1NzU0ODMw">ἀλλ’</span>
      <span class="word" id="a.MTM0NTg0Mjg0OTEyNzMw">οὐδὲ</span>
      <span class="word" id="a.NjU4NDY3NTk5NDE0NjM=">οἱ</span>
      <span class="word" id="a.MjA0NDI1Nzk3MzMzMDY=">ἔτι</span>
      <span class="word" id="a.MTkyODE5MDEyOTkzNDg3">τούτων</span>
      <span class="word" id="a.Mjg3Mjc4MzA1NDQ2OTE=">τῷ</span>
      <span class="word" id="a.MTMwMzk1OTI5NDc2OTY=">χρόνῳ</span>
      <span class="word" id="a.MTI2ODU2MTE5NTkwMjc5">παλαιότεροι</span>
      <span class="word" id="a.MjEyNTU5OTE0MzkzMjMy">φαίνονται</span>
      <span class="word" id="a.Mjc0NjMwOTAyODMyNTI=">γινώσκοντες</span>
      <span class="word" id="a.Mjc1OTA3NTIzNzkyNDEz">ἡμέραν</span>
      <span class="word" id="a.MjM3OTk4MzYzMTU1NjEx">Σαββάτου.</span>
      <span class="word" id="a.MTE3NTkyNzA4NzMxMTg0">Ἐπεὶ</span>
      <span class="word" id="a.MTIzMzAxMjQ5MDM0MTIw">τοίνυν</span>
      <span class="word" id="a.MTM1NzI5NTc0ODYzMjgy">οἱ</span>
      <span class="word" id="a.ODczODcxNjcxNTYzMDQ=">ἐκ</span>
      <span class="word" id="a.MTE0MDUxNTIzNjc5NzU5">περιτομῆς,</span>
      <span class="word" id="a.MTg2MjYwOTI5ODQwOTE4">ὡς</span>
      <span class="word" id="a.MTgxNTU3ODQzNjI2NDE0">μέγα</span>
      <span class="word" id="a.MTkyOTUxODAzMDEwMjg0">τι</span>
      <span class="word" id="a.MjM3ODU1NjgzODA5MzIw">κατορθοῦντες,</span>
      <span class="word" id="a.MjM3NTMxODk1OTY2NDk4">τὰ</span>
      <span class="word" id="a.OTQwODc2NTEwNTgxMDQ=">Σάββατα</span>
      <span class="word" id="a.MTgxMDA5MzkyNjEyMzc0">φυλάττειν</span>
      <span class="word" id="a.NDY2MjEwNzAxNzgzNTA=">ἡγοῦνται,</span>
      <span class="word" id="a.MjE5MTk5MTM4NTQwMDkw">ἃ</span>
      <span class="word" id="a.MTU5MTkyMTI3MDE3MzQy">οὐδὲ</span>
      <span class="word" id="a.Mzk4OTg2MDMxNTk2MTI=">φυλάττουσι</span>
      <span class="word" id="a.MTQ0MTUxMDEyMzE3NTg=">κατὰ</span>
      <span class="word" id="a.NDA1OTY3NDUyMDE0MDU=">τὸ</span>
      <span class="word" id="a.MjY0ODU5NDM4NzQ3NDYy">βούλημα</span>
      <span class="word" id="a.MTEzMjkxMDQ1ODczNjQw">τοῦ</span>
      <span class="word" id="a.ODQ5Mzc5MzcwODMxMDQ=">νόμου,</span>
      <span class="word" id="a.MzgxMzE1MDk0Mjc1ODc=">παραθετέον</span>
      <span class="word" id="a.MzU0MzY2ODc2MDQ1NjM=">αὐτοῖς</span>
      <span class="word" id="a.MTA3NjQ2OTU5MjQxMTE=">τὰ</span>
      <span class="word" id="a.OTEwNDEzNjU3NDE5NzY=">εἰρημένα.</span>
      <span class="word" id="a.MjE3NjEzMDY1MTYyNQ==">Καὶ</span>
      <span class="word" id="a.MzEyNDQ2MTg1NTM3Mw==">ἐπειδὴ</span>
      <span class="word" id="a.MTMzNDE4NzgxNDkzOTE5">κατάπαυσιν</span>
      <span class="word" id="a.MjU1ODkzODk3NjM5Mzc4">σημαίνει</span>
      <span class="word" id="a.MjU3ODI4OTc0ODcyNTM=">τὸ</span>
      <span class="word" id="a.NjE4MjUxMjk4NjQ5NDI=">Σάββατον,</span>
      <span class="word" id="a.MTMyNTE3MTcxMjU5MTg2">γέγραπται</span>
      <span class="word" id="a.MTQwNjYzMTE5MDU0MzUz">γοῦν·</span>
    </span>
    <em>
      <span class="word" id="a.OTI1NzE0NTk4ODkyNTY=">Καὶ</span>
      <span class="word" id="a.MjY3NzIxMDgwMTY4Njg5">κατέπαυσεν</span>
      <span class="word" id="a.MTg3MDY4MDk0NjA3NjM0">ὁ</span>
      <span class="word" id="a.NDk2ODg5MTcyMzY2NTU=">Θεὸς</span>
      <span class="word" id="a.MTE5MTAzMjQwNzI5Mjg3">ἐν</span>
      <span class="word" id="a.MTI1Mzk2NTg3NTAwMTcw">τῇ</span>
      <span class="word" id="a.MTgzMTQyNjcyMDcyODk5">ἡμέρᾳ</span>
      <span class="word" id="a.OTk2NTc3ODExMzc1MTg=">τῇ</span>
      <span class="word" id="a.MjA3OTA5MzEzMjM4NDE1">ζʹ</span>
      <span class="word" id="a.NjAyMTMyOTA3MjIwNTE=">ἀπὸ</span>
      <span class="word" id="a.Mjc4NTEzODg4MjI3NDI=">πάντων</span>
      <span class="word" id="a.MTMyNTI4NTkwNDYzNzY5">τῶν</span>
      <span class="word" id="a.MTAwODExMjk1NjgyNjcy">ἔργων</span>
      <span class="word" id="a.MTQ2MDUwMTM4NDMyOTcz">αὐτοῦ,</span>
      <span class="word" id="a.MjEzNTkwMjM0MjUzOTc1">ὧν</span>
      <span class="word" id="a.MTIyMzcwMjcxODgxNjQz">ἐποίησε,</span>
      <span class="word" id="a.MTgyODc1MTkzODkwNjQ3">καὶ</span>
      <span class="word" id="a.MTc5MzEwMzAwNzI3NzQ1">ἡγίασεν</span>
      <span class="word" id="a.MjQ2MzMwMTYwNTEwODE0">αὐτήν·</span>
    </em>
    <span>
      <span class="word" id="a.OTMwODkwNTIwMDk5MTk=">ἐρεῖς,</span>
      <span class="word" id="a.NjY4MjI5ODM1MDYzNjQ=">ὅτι</span>
      <span class="word" id="a.MTI3MTc0ODAxNTc4MTM3">προσήκει</span>
      <span class="word" id="a.MjAxMzk0NTE2NDA5NDU0">νοῆσαι</span>
      <span class="word" id="a.MTU3NTA1OTE2ODMzNjIw">Θεοῦ</span>
      <span class="word" id="a.MjMyNzQ4Njc1MjA3NDk=">κατάπαυσιν,</span>
      <span class="word" id="a.MTQ4NjU5MzQ1NDQ3MDE4">καὶ</span>
      <span class="word" id="a.Mjc3MDQ4NzI5MjE5ODc5">τὸ</span>
      <span class="word" id="a.NDEyODkxODcxMjMyODk=">ἀληθινὸν</span>
      <span class="word" id="a.NDI1MzM4MDQ4NDM5NTg=">Σάββατον</span>
      <span class="word" id="a.MjEyNTEyMzI5NjYyNTY2">ἐκδέξασθαι</span>
      <span class="word" id="a.ODQ1ODk2MDc0MTYzNDA=">ἐπαξίως</span>
      <span class="word" id="a.MjQzMzA1MTQxMDc0NTgy">τοῦ</span>
      <span class="word" id="a.NDQ4MzY2NTk4NDc1NA==">Θεοῦ.</span>
      <span class="word" id="a.MTQyNjUxMzA2MTI1MTQz">Τοὺς</span>
      <span class="word" id="a.MTI1ODU3MDg4MzE0NDU0">γὰρ</span>
      <span class="word" id="a.OTk4Mjg4MTMxMDE2MTA=">ἀσεβεῖς</span>
      <span class="word" id="a.Mjc1NDk2NTE4MjgxMTEz">ἀνθρώπους</span>
      <span class="word" id="a.MTgxMzQwMTE5NDIyMzA3">φησὶ</span>
      <span class="word" id="a.MTExMTQ3OTQ0NDgzOTAy">μὴ</span>
      <span class="word" id="a.ODcxMjQwMDM5OTMzOA==">εἰσελεύσεσθαι</span>
      <span class="word" id="a.MTg0MzU3NTk5OTE1OTg2">εἰς</span>
      <span class="word" id="a.MTk0NzkzMTM3ODIyMTkz">τὴν</span>
      <span class="word" id="a.NDIwMTM0MjI1MzY2MzU=">κατάπαυσιν</span>
      <span class="word" id="a.MTAzMTg1NTQ5MzczOTU3">αὐτοῦ</span>
      <span class="word" id="a.MTE2NDcxNTc4NTQyOTgy">λέγων</span>
      <span class="word" id="a.MjU0MjQ4MzYwNTM0MTE0">ἐν</span>
      <span class="word" id="a.MjI0MzQxMDA5MzM0OTMx">ψαλμοῖς,</span>
    </span>
    <em>
      <span class="word" id="a.MjA4MDAzOTg2NjM3NTA1">Ἀεὶ</span>
      <span class="word" id="a.MzExNDQwNTgzMjk1MTc=">πλανῶνται</span>
      <span class="word" id="a.MjQ0MzQ5ODEwNzE1MzA1">τῇ</span>
      <span class="word" id="a.MjIyNjc3Nzc4ODQ2MzA1">καρδίᾳ.</span>
      <span class="word" id="a.MTExNzE1NzAyNjQ4Nzk=">Αὐτοὶ</span>
      <span class="word" id="a.MTQ1MzA4ODc0MjQ4MTc2">δὲ</span>
      <span class="word" id="a.MTgyMTM4MTQ4ODA0NTc2">οὐκ</span>
      <span class="word" id="a.MjYwMjcxOTU5MzU4MDY0">ἔγνωσαν</span>
      <span class="word" id="a.MjAyODQ0MjQ2MTkyOTc1">τὰς</span>
      <span class="word" id="a.MjQ1NTg1MzQ4Mzk1MzUy">ὁδούς</span>
      <span class="word" id="a.MjEwMzMxMjE1NDQ2Mzg=">μου,</span>
      <span class="word" id="a.NzIwMzkxODU0MTc2Mzk=">ὡς</span>
      <span class="word" id="a.MjMwMzMxODczODQ2ODMy">ὤμοσα</span>
      <span class="word" id="a.MjY3NjY5OTM3MDczMjA3">ἐν</span>
      <span class="word" id="a.NzY4MTU2MDE0NjgwNTM=">τῇ</span>
      <span class="word" id="a.MjczNDM1OTI5ODA0NzY4">ὀργῇ</span>
      <span class="word" id="a.MjU0NTcwMjYyODczOTQx">μου,</span>
      <span class="word" id="a.NTI0MTIyODYwMjg1ODE=">εἰ</span>
      <span class="word" id="a.MjY3OTU5MzM2ODQ4NTE5">εἰσελεύσονται</span>
      <span class="word" id="a.MTA4ODExODUzNDg5MzYy">εἰς</span>
      <span class="word" id="a.MjQ2ODIxMzcwNTIxNTc1">τὴν</span>
      <span class="word" id="a.ODcwNTI1MDI0NDgyOTQ=">κατάπαυσίν</span>
      <span class="word" id="a.Mjk5NzA0NDEwNzE1Njc=">μου.</span>
    </em>
    <span>
      <span class="word" id="a.NDQ1MDMxNzA1NTMwMDg=">Οὐκοῦν</span>
      <span class="word" id="a.MjI0NzQ3NzY2MTAwMjY4">ἀναγκαῖον</span>
      <span class="word" id="a.MTEzMjMzNzAwNjgzNTkz">κατὰ</span>
      <span class="word" id="a.ODg4NDA2NjYwNzk5NTU=">διάνοιαν</span>
      <span class="word" id="a.MTU2MDE1NDYwMDcyNjYx">ἐκλαβεῖν</span>
      <span class="word" id="a.MjA2NzE0NDU4ODk3NzU0">Σάββατα</span>
      <span class="word" id="a.MTM3MjY5MTI0MjQ2NjI3">Θεοῦ,</span>
      <span class="word" id="a.MTI1ODQxNzc2OTA4ODcz">καὶ</span>
      <span class="word" id="a.Mjk4NTM3ODQyNTI3MTA=">ἀνάπαυσιν</span>
      <span class="word" id="a.MTc2NTE2MjQxMzkzODg4">Θεῷ</span>
      <span class="word" id="a.Mjc4ODkyNjcxNjE0Mzk4">πρέπουσαν,</span>
      <span class="word" id="a.MTI2MjYzMTg1MzgyMzMz">ἧς</span>
      <span class="word" id="a.MjQ1MDQxNTM2OTExMzc5">ἀσεβεῖς</span>
      <span class="word" id="a.Mjk0MDU3NTIwMDU3MzY=">μὲν</span>
      <span class="word" id="a.MjM1NTAyNDA4ODQ4MzI5">οὐκ</span>
      <span class="word" id="a.NDU0NTgxOTYwOTk2MDQ=">ἀξιοῦνται,</span>
      <span class="word" id="a.Mjk0OTg2NDE2Mzc5MTU=">μόνοι</span>
      <span class="word" id="a.OTEzMzk2Mzc2MDI0Nzk=">δὲ</span>
      <span class="word" id="a.MjE1NTQ0MDIzNTQ2ODAw">οἱ</span>
      <span class="word" id="a.NjU3MDM0NDAxNjUyNzE=">δίκαιοι</span>
      <span class="word" id="a.MTIzMjM0MjIwNTg3MjMy">καὶ</span>
      <span class="word" id="a.MjU1NTgwNzM5OTg1MDk0">τοῦ</span>
      <span class="word" id="a.MTUzODI3NjQ2NTIyNTMx">Θεοῦ</span>
      <span class="word" id="a.MTM2MTQ4NDAxMTk3NTkw">φίλοι.</span>
      <span class="word" id="a.NDk5MTAxMzA5NjAzMzM=">Οὕτω</span>
      <span class="word" id="a.MTAyODAxMzA2NDI0MTEw">γοῦν</span>
      <span class="word" id="a.MTM4MDcxMDgyMjE2NTI4">εἴποιμεν</span>
      <span class="word" id="a.NDk1ODc1NTA0MDg0MjU=">ἂν</span>
      <span class="word" id="a.MTg2NTY2ODg5NTgyNTk0">καὶ</span>
      <span class="word" id="a.NjQ2Njg4NjE2NTE3MDY=">τὸν</span>
      <span class="word" id="a.MTU0ODkzNjczNTU5MTA=">Ἀβραὰμ,</span>
      <span class="word" id="a.MTYwMTM2ODgzODA5Njk=">καὶ</span>
      <span class="word" id="a.MTY0NzE2MzA1ODc3Mjg2">τὸν</span>
      <span class="word" id="a.MTMxNTE4OTQ3NTkxODI2">Ἰσαὰκ,</span>
      <span class="word" id="a.NTg1Mjg4MDM4MDc0Nzc=">καὶ</span>
      <span class="word" id="a.MjAzNjMxOTYxNTcwMzA2">τὸν</span>
      <span class="word" id="a.Njc0MzU2MTM3NDAzNjI=">Ἰακὼβ,</span>
      <span class="word" id="a.MTMxNTY5NTI2MzI2MDQ4">τούς</span>
      <span class="word" id="a.MTYyODk3OTA1NzE1MjU=">τε</span>
      <span class="word" id="a.MTYzNjk2NTk5Nzk2OTMw">πρὸ</span>
      <span class="word" id="a.MjY5ODkyNTE0NDM2ODc4">αὐτῶν</span>
      <span class="word" id="a.MTk1MDcyMDg5ODQ2MjA=">καὶ</span>
      <span class="word" id="a.OTkwMzYzMjU1NjQzODU=">μετ’</span>
      <span class="word" id="a.MTc2NDQ5Mjk5NzUwMTEy">αὐτοὺς</span>
      <span class="word" id="a.MTQxMDY1MjAyNDUzMzQ4">θεοφιλεῖς</span>
      <span class="word" id="a.MTI5OTk1NjI1MzU1OTU3">πάντας</span>
      <span class="word" id="a.MjMwNjY0NjYxNTA2MTky">κατὰ</span>
      <span class="word" id="a.OTM4NjI4NTk0ODAxODc=">διάνοιαν</span>
      <span class="word" id="a.MjEwOTM0NDI0NjcxMDUw">ἐγνωκέναι</span>
      <span class="word" id="a.MTUzMzg3MTQ1MTcwOTA4">καὶ</span>
      <span class="word" id="a.NzEwNTMwNzE2MTU4NzA=">πεφυλακέναι</span>
      <span class="word" id="a.MjUwMDI2NjY3Mzg3MDQw">τὰ</span>
      <span class="word" id="a.MjI5NjIzODU0NDUzMzI0">Σάββατα</span>
      <span class="word" id="a.MTY3MzU2OTU5MzAwNTc5">τοῦ</span>
      <span class="word" id="a.MjgwNDY1NjQ1NDk1OTY=">Θεοῦ,</span>
      <span class="word" id="a.MTAzMzM1MjIxNzYyOTMx">καὶ</span>
      <span class="word" id="a.NTI5OTMzNzUwMDE5MTE=">εἰσεληλυθέναι</span>
      <span class="word" id="a.MjE5ODUwNTkwMjY4MDk2">εἰς</span>
      <span class="word" id="a.MjczNTQ1OTEyNDkxMjMy">τὴν</span>
      <span class="word" id="a.MTc5NDgwODM3MDUwNjY3">κατάπαυσιν</span>
      <span class="word" id="a.MjAxNjMwODM2NTA2MzYy">αὐτοῦ.</span>
      <span class="word" id="a.MTU4NjUxMDM3MTA4MTgy">Τί</span>
      <span class="word" id="a.NTk2NTkxOTQ3NzAxODc=">δὴ</span>
      <span class="word" id="a.MTI5NTcwNTE4MzMyMTU=">οὖν</span>
      <span class="word" id="a.MTIwMjEwMjQxMjAwMDAz">σημαίνει</span>
      <span class="word" id="a.MTE5Mjc5MzU0NTI0NjE=">τὸ</span>
      <span class="word" id="a.MTE4MDI2NTYyOTcxNTE1">Σάββατον,</span>
      <span class="word" id="a.NjI1MTkwNjM0MTUwOTY=">ἀναγκαῖον</span>
      <span class="word" id="a.ODUxMjE1Njg1MjQ3NTk=">ἐπιστῆσαι.</span>
      <span class="word" id="a.MTkwNDk5MjQ2OTIwNjc0">Ὁ</span>
      <span class="word" id="a.MjI4NjU4ODE2NzYwNjYz">λόγος</span>
      <span class="word" id="a.NTY2ODM4Mzg2ODcyODA=">ἀνάπαυσιν</span>
      <span class="word" id="a.MjAyNTc0OTI5OTM2MDUz">δηλοῖ</span>
      <span class="word" id="a.MzIyMDg0MjIxNjQyNTM=">Θεοῦ·</span>
      <span class="word" id="a.MjI2MzUzNzA0MzcwNTA5">εἰσάγει</span>
      <span class="word" id="a.MjI3MzY3OTM4MjE3ODY=">τε</span>
      <span class="word" id="a.MjUyMjU4OTI3NjUyODU3">ταύτην</span>
      <span class="word" id="a.MTM3NDE0MDA3NjA5ODky">μετὰ</span>
      <span class="word" id="a.MjI4MDQyNDY5MTEyNDIz">τὴν</span>
      <span class="word" id="a.MTY4MDYxNTE3NTkwNzE5">τῶν</span>
      <span class="word" id="a.MTkzNTgyMzQyMDA1Mzgz">αἰσθητῶν</span>
      <span class="word" id="a.MTc0OTM4NjQ4NDkxNTM0">κοσμοποιίαν.</span>
      <span class="word" id="a.Nzg2MjE2NzcwOTc3NzI=">Θεοῦ</span>
      <span class="word" id="a.MTU2NzI4MTkzODEzMzY2">δὲ</span>
      <span class="word" id="a.NDQzNzI5MTgwNDM0">ἀνάπαυσις</span>
      <span class="word" id="a.MjIzNjQ2NDgzMzE0NTE3">τίς</span>
      <span class="word" id="a.MjM5MTYxNzYyNTAyMzg1">ἂν</span>
      <span class="word" id="a.MTA0ODc5Mzc0ODY5MTQ5">γένοιτο</span>
      <span class="word" id="a.MzU3NzUxNjMwNzI2OTQ=">ἑτέρα</span>
      <span class="word" id="a.MTIwOTE2Mzk0ODIzMzk4">τῆς</span>
      <span class="word" id="a.ODUyMTc0ODg1ODc1Nw==">πρὸς</span>
      <span class="word" id="a.NzcxODg5MzM4NzQ1MzA=">τοῖς</span>
      <span class="word" id="a.MTk5Mzk4NzEyODU5MjYw">νοητοῖς</span>
      <span class="word" id="a.MjA1NzY5NjcwNTc1NTg=">καὶ</span>
      <span class="word" id="a.MjA5NTMyNzgyOTUyOTY0">ὑπερκοσμίοις</span>
      <span class="word" id="a.NjY1MjE3MTczMjM4MzM=">διαγωγῆς;</span>
      <span class="word" id="a.MjA0MzYzMDQyNTkwMjQ3">Ὅτε</span>
      <span class="word" id="a.MTMyMDM1ODUyOTM4MTc2">μὲν</span>
      <span class="word" id="a.OTM5MzE3MjAyMzcyMzA=">γὰρ</span>
      <span class="word" id="a.MjczNDgyMDYwMTE5NDEy">περὶ</span>
      <span class="word" id="a.NTQ5MDk3Mjk2OTI0MzA=">τὰ</span>
      <span class="word" id="a.NDE0OTExNTkyOTM0Njg=">αἰσθητὰ</span>
      <span class="word" id="a.MzA3NDg2ODEyMzMzMA==">περισκοπεῖ</span>
      <span class="word" id="a.MjM3MjAwNDU0NDgzODAy">καὶ</span>
      <span class="word" id="a.OTAwMDkxNjYxMzk3NjE=">περὶ</span>
      <span class="word" id="a.MTE2NzM2NjMwNjA0MTYz">τὰ</span>
      <span class="word" id="a.NzA5NzU4NDA4NjI2Njk=">ἔργα</span>
      <span class="word" id="a.MTMxNDAyNzI4NjQzNjIx">τῆς</span>
      <span class="word" id="a.ODExODA5NTgwNjcxMjg=">τοῦ</span>
      <span class="word" id="a.MTM4MjI1NzQyNjUwMTcz">κόσμου</span>
      <span class="word" id="a.NDIxNjE4ODIwNTA3OTA=">προνοίας</span>
      <span class="word" id="a.MTk1MTY4OTIyMTA0MDMy">καταγίνεται,</span>
      <span class="word" id="a.MjQ2MTA4MDE2MzEyNjg3">ἐργάζεσθαι</span>
      <span class="word" id="a.Njg4MzEzNjA1ODI3MTU=">λέγεται·</span>
      <span class="word" id="a.MjExMTMyOTQ5NTU1NjA2">καὶ</span>
      <span class="word" id="a.MjE3NzcwNTYxMzk3MTQ0">οὕτως</span>
      <span class="word" id="a.MTU2OTIwNjg3MjI4MTgx">ἀκουστέον</span>
      <span class="word" id="a.MTA1NDc0NTUzNzEwNjYw">λέγοντος</span>
      <span class="word" id="a.MTI1OTgxNDE1OTc4Mjc0">τοῦ</span>
      <span class="word" id="a.MjgwNTA0NzIyNjcwNDc=">Σωτῆρος</span>
      <span class="word" id="a.MTcyODM1NDQxNzMxNjk2">ἡμῶν,</span>
    </span>
    <em>
      <span class="word" id="a.MTQ5MTk2MjEwMTQyNjUy">Ὁ</span>
      <span class="word" id="a.MTk1Mjg0MTE0MDQyMjA1">Πατήρ</span>
      <span class="word" id="a.MjQ2Nzg5MTY5NDEzOTcx">μου</span>
      <span class="word" id="a.MTAyOTg0Mjc5NDE4Njgz">ἕως</span>
      <span class="word" id="a.MTc3MTA1MTE5Mjc5MjU5">ἄρτι</span>
      <span class="word" id="a.Mzc1MjUxNzQzMTA1ODM=">ἐργάζεται,</span>
      <span class="word" id="a.MjE1NjA4NzI3Mzk4NjA1">κἀγὼ</span>
      <span class="word" id="a.MTQxMDMwNzk3ODgwNzg2">ἐργάζομαι·</span>
    </em>
    <span>
      <span class="word" id="a.MTM3ODQ1Mzc0MDE5OTA4">ὅτε</span>
      <span class="word" id="a.NTM5NzU4NDAyNjI4MDg=">δὲ</span>
      <span class="word" id="a.MTIxNzE3NDA0Nzk4ODMy">πρὸς</span>
      <span class="word" id="a.MTcxNzgyODk1MTk4NDgy">τοῖς</span>
      <span class="word" id="a.OTIzMDgyMDIyOTE0MTI=">ἀσωμάτοις</span>
      <span class="word" id="a.NzY1OTU5NzgzNTk0MQ==">καὶ</span>
      <span class="word" id="a.MjA1MDc2OTU3NjQwMzU4">ὑπερκοσμίοις</span>
      <span class="word" id="a.ODAxMjE2NjUyNDAwOTI=">ἐστὶ,</span>
      <span class="word" id="a.MTE1MDcyOTc1Mzk5NTI=">καὶ,</span>
      <span class="word" id="a.MTM0MjA5NzUxOTgxOTk0">ὡς</span>
      <span class="word" id="a.ODgwMTk0Nzg0OTkzNjQ=">ἂν</span>
      <span class="word" id="a.MjYyOTkzNDk0Mzk1MDAx">εἴποι</span>
      <span class="word" id="a.MTQzOTg2ODA0MTI3Mjg2">τις,</span>
      <span class="word" id="a.ODcyOTQyMTc1OTg2MTM=">ἐν</span>
      <span class="word" id="a.ODY4MDk4MTM0OTk0NDA=">τῇ</span>
      <span class="word" id="a.MTAxMTk3MDY0ODU5ODAz">αὐτόσε</span>
      <span class="word" id="a.OTE5ODQwMTAwNjUwNDE=">αὐτοῦ</span>
      <span class="word" id="a.MTM3OTI0NzQ2NDI3NDU0">περιωπῇ,</span>
      <span class="word" id="a.MTYwNjA5NzgzNDYwNDkw">τὸ</span>
      <span class="word" id="a.MjM4ODI3MzEwOTYwOTkw">τηνικαῦτα</span>
      <span class="word" id="a.MTg3OTUxNTU0NTQxMTg0">ἀνάπαυσιν</span>
      <span class="word" id="a.MTczMjczMzU2ODE2MDYz">ἄγειν,</span>
      <span class="word" id="a.MjY4MDkxMjQ5MzAxNzc5">καὶ</span>
      <span class="word" id="a.MTI3OTg5NTIzMDM1NjA4">τὸ</span>
      <span class="word" id="a.MTQyNDg2ODc3NTc0MDQ4">αὐτοῦ</span>
      <span class="word" id="a.NjE3NDA1MjIyNjU2Mw==">Σάββατον</span>
      <span class="word" id="a.ODM4MjMyMDE5NzQyNDQ=">ἐπιτελεῖν</span>
      <span class="word" id="a.MjI4NzcyMzI4NTQ2MTQ4">νοεῖται.</span>
      <span class="word" id="a.MTI4ODI5ODc2NDM1OTEz">Κατὰ</span>
      <span class="word" id="a.OTI3MDY5MzI3NTg4NDU=">τὰ</span>
      <span class="word" id="a.OTkyMTg2ODg4MzU3MzQ=">αὐτὰ</span>
      <span class="word" id="a.MTk3ODU0NzU0NDI4MDMy">τοιγαροῦν</span>
      <span class="word" id="a.MjE3MDQ0NTk3OTU2NjU4">καὶ</span>
      <span class="word" id="a.MTcxMzM3NjA4NzE4MDgz">οἱ</span>
      <span class="word" id="a.MTM3ODg2MDk5NjA4NzAw">τοῦ</span>
      <span class="word" id="a.NDg4MjUxNDQyNDg1MjA=">Θεοῦ</span>
      <span class="word" id="a.NjEyMTY4MzgxMTkyMzA=">ἄνδρες,</span>
      <span class="word" id="a.NTA1NTMzNDk5NTE5OTQ=">ἐπειδὰν,</span>
      <span class="word" id="a.MTAyNTk2OTcwMjEzODk4">τῶν</span>
      <span class="word" id="a.Mjc3NzQxNjkwOTI5NjI0">κοπούντων</span>
      <span class="word" id="a.MjQ1MDQ0OTYwMzA3NTA4">τὴν</span>
      <span class="word" id="a.MzY4MTA5MzU5MDE3NjU=">ψυχὴν</span>
      <span class="word" id="a.MjMxMjcyNzY0ODg0OTg4">ἔργων</span>
      <span class="word" id="a.NjY3NjM3NDU3NjY3NDA=">(τοιαῦτα</span>
      <span class="word" id="a.ODUzOTYyNTkwODc1MjU=">δὲ</span>
      <span class="word" id="a.MjY5NzU4ODQxNTg5NjE4">πάντα</span>
      <span class="word" id="a.NDE2NDAwMzUwNzIwNTY=">τὰ</span>
      <span class="word" id="a.MTk0OTA3MzUxNTgxMjQ=">σωματικὰ</span>
      <span class="word" id="a.MjU0OTU4Nzc1MDcwMjM0">καὶ</span>
      <span class="word" id="a.NzY3MzE2MjM4NzIw">φίλα</span>
      <span class="word" id="a.MTkyMjI3NDA1NDMyMjMw">τῆς</span>
      <span class="word" id="a.MjM0Njk4NDU5OTI4NjM1">γεώδους</span>
      <span class="word" id="a.MjU2OTgyNTQzMTQzMTAz">σαρκὸς),</span>
      <span class="word" id="a.MjQ3MzgyODU5NjczODE2">ἀπαλλαγέντες,</span>
      <span class="word" id="a.NjcwOTMwNjUzMTE0MzM=">ὅλοι</span>
      <span class="word" id="a.MTAwMjgwNzEyMjE5ODA=">γένωνται</span>
      <span class="word" id="a.MTEyNjgwMjE4NzUzODgz">πρὸς</span>
      <span class="word" id="a.Nzk5NTQzMDg1NzQxMw==">τῷ</span>
      <span class="word" id="a.MTI3ODE4ODk1NTQ3MjI4">Θεῷ</span>
      <span class="word" id="a.MTM3MjgzODc0MzY1NTgz">καὶ</span>
      <span class="word" id="a.MTAyOTcyMzY5MzkyNDAy">πρὸς</span>
      <span class="word" id="a.MjA2NzMyODk3NzQzODY2">τῇ</span>
      <span class="word" id="a.MjUxMjU3NDAyNzM1ODcw">τῶν</span>
      <span class="word" id="a.MTczMjM2Mzk1NjMyNjIw">θείων</span>
      <span class="word" id="a.MTQ0MjQ2OTMyODczNjE0">καὶ</span>
      <span class="word" id="a.MTczODYzNjg5ODQxMjg5">νοητῶν</span>
      <span class="word" id="a.NTI2MTg4MDYxMTYxNQ==">σχολῇ</span>
      <span class="word" id="a.NzE3MjI4OTIwMTM3NjE=">τε</span>
      <span class="word" id="a.NjcxMTM2MTc0MDgxODI=">καὶ</span>
      <span class="word" id="a.NTI4NzUyNTI0NDM4MzM=">θεωρίᾳ,</span>
      <span class="word" id="a.MTY1MTE1NDAxMDkwMzEx">τότε</span>
      <span class="word" id="a.ODA5NDA5NDU2NjkyMzk=">τὰ</span>
      <span class="word" id="a.MTU4Mzc2MzU1MzMwNzc=">φίλα</span>
      <span class="word" id="a.MTg5NDc2MjIzOTU5MjY2">τῷ</span>
      <span class="word" id="a.MjE0NzE2MDU2Mjg5NDI4">Θεῷ</span>
      <span class="word" id="a.OTkyMzEwODI2MTcyNDU=">Σάββατα</span>
      <span class="word" id="a.MjY2ODk5MjE4NzYzNw==">καὶ</span>
      <span class="word" id="a.MjM0NzIzNTYwOTM0MzU2">ἀνάπαυσιν</span>
      <span class="word" id="a.MjY0NzY4NzY1MTY5MDYx">Κυρίῳ</span>
      <span class="word" id="a.MTc5MTQ5MzEzMDE2Nzk0">τῷ</span>
      <span class="word" id="a.NjAwMjU5NDg4NTY0NjY=">Θεῷ</span>
      <span class="word" id="a.NzA2MDgyMTM2NTY1MjE=">ἄγουσι.</span>
      <span class="word" id="a.MzcwOTM2NzQ3NzcxMTM=">Καὶ</span>
      <span class="word" id="a.MTQ4MjU2NDAwMTYyNzg4">περὶ</span>
      <span class="word" id="a.MjY4OTEwMTM1NzcyNjY0">τῶν</span>
      <span class="word" id="a.MTY1NTE4OTU5Nzk4NTM3">τοιούτων</span>
      <span class="word" id="a.MjU5MDY1NDA1MTI5MTEz">Σαββάτων</span>
      <span class="word" id="a.MTg1NzYzNDE4MjM0Nzc5">διδάσκει</span>
      <span class="word" id="a.MTY2Mzg3MTc3MTM2MTAz">λέγων·</span>
    </span>
    <em>
      <span class="word" id="a.MTcxODc4NzIzMjM2MjU2">Ἆρα</span>
      <span class="word" id="a.NTUxODg4NTk2MTk3MzI=">ἀπολείπεται</span>
      <span class="word" id="a.MTUyMzU0MTEyODgwMTM4">σαββατισμὸς</span>
      <span class="word" id="a.ODk2Njc2ODEyNTU0Njk=">τῷ</span>
      <span class="word" id="a.MTY2MzIwMDYwOTEwNzcz">λαῷ</span>
      <span class="word" id="a.MjQwODM5NzU5NjY3NjAx">τοῦ</span>
      <span class="word" id="a.NzEyMTU0NjMxMDczMzA=">Θεοῦ;</span>
    </em>
    <span>
      <span class="word" id="a.MjU1NDIzODQ2NDk0MTY0">καὶ</span>
      <span class="word" id="a.MjE5OTI2MTIzNDUxODM4">πάλιν·</span>
    </span>
    <em>
      <span class="word" id="a.MjQyMjk4MzE3OTI5NTU2">Σπουδάσωμεν</span>
      <span class="word" id="a.MjcxMjYyMzI4MjQ3MjA0">οὖν</span>
      <span class="word" id="a.MjU4MTgzODc0NjY5MDE0">εἰσελθεῖν</span>
      <span class="word" id="a.MTMwMDkwNjU5Mzk1MTY5">εἰς</span>
      <span class="word" id="a.MjcxOTU1NzcyODMzNzYw">ἐκείνην</span>
      <span class="word" id="a.MTE2MzYxNTcwODE5MDA3">τὴν</span>
      <span class="word" id="a.MTg0OTEwNjEwNzUwMDEw">κατάπαυσιν.</span>
    </em>
    <span>
      <span class="word" id="a.MjUyNzQwMjU1NjQwMjA0">Τὸ</span>
      <span class="word" id="a.MjE0NzMzMDM1OTg5MA==">γὰρ</span>
      <span class="word" id="a.MTY0MTk3MjczMTMzODYx">τέλειον</span>
      <span class="word" id="a.NTM0OTAzODY3NTI2Njc=">Σάββατον,</span>
      <span class="word" id="a.MTk0MDUyOTI4NzY4NjA2">καὶ</span>
      <span class="word" id="a.MjYzNDM3ODc1MDI2ODQy">ἡ</span>
      <span class="word" id="a.OTI5NTU5OTUwMDQ1MTQ=">τελεία</span>
      <span class="word" id="a.MTg5OTQ2MjcyMTcyMzQw">καὶ</span>
      <span class="word" id="a.MjEwNzAwNTc2Njc0NDEy">ἡ</span>
      <span class="word" id="a.OTU2MjQyNzM3ODk2Njg=">τρισμακαρία</span>
      <span class="word" id="a.MTY3NTk5NjIxNTk4OTIy">κατάπαυσις</span>
      <span class="word" id="a.MTU1MTU1NjA0NzQ3MzI0">ἐν</span>
      <span class="word" id="a.NzYxMjk4ODQwMjIwMjk=">τῇ</span>
      <span class="word" id="a.NTY3NjM3MDg1MDQxMTU=">τοῦ</span>
      <span class="word" id="a.MTU4Mzg5ODUyODg2NzEz">Θεοῦ</span>
      <span class="word" id="a.NDA0NTk4NzA2MDQ5NjA=">βασιλείᾳ</span>
      <span class="word" id="a.MTA0Mjg0NzcxNTUyMzgx">τυγχάνει,</span>
      <span class="word" id="a.MTMyODc2Mjc4NDA1NjE2">ὑπὲρ</span>
      <span class="word" id="a.Mjc5MDc4NjI1MzI1MjYz">τὴν</span>
      <span class="word" id="a.MjIxMzIwODMxNzQ1ODcz">ἑξαήμερον</span>
      <span class="word" id="a.ODY3MTIzNDQ0MzY2NzU=">δημιουργίαν</span>
      <span class="word" id="a.OTczMzY2MDA4ODc1NDk=">καὶ</span>
      <span class="word" id="a.MTQ3MjE2MjI0NDk5MQ==">τῶν</span>
      <span class="word" id="a.MTA5MzcyOTQxNTk1Mzcz">αἰσθητῶν</span>
      <span class="word" id="a.MTc5OTc3NDAwNzc2NTE0">ἁπάντων</span>
      <span class="word" id="a.MTA5NTkzNTQwOTk0Mjc0">ἐκτὸς</span>
      <span class="word" id="a.MTc4ODc2OTA4MjI5MTk1">ἐν</span>
      <span class="word" id="a.MjA3ODExMjY1NTQ0OTY4">ἀσωμάτοις</span>
      <span class="word" id="a.MTg3OTgzNTM4ODAxMTIx">καὶ</span>
      <span class="word" id="a.MTcwNjQxMDM3NzE1NDk5">ὑπερκοσμίοις,</span>
      <span class="word" id="a.NDI1OTUxODc2MjI2ODE=">ἔνθα</span>
      <span class="word" id="a.MTUwMDU2NDk4ODc4Mzcz">ἀπέδρα</span>
      <span class="word" id="a.MTY5NjA3ODc0MTY4MjQ=">ὀδύνη</span>
      <span class="word" id="a.MTM4NDQzNDEzMjQ3NjU=">καὶ</span>
      <span class="word" id="a.Mjc3ODAxMTg1MjA3NDc3">λύπη,</span>
      <span class="word" id="a.NjQ0MDU0NzkwMjMzOTI=">καὶ</span>
      <span class="word" id="a.MTUyMTA0OTA5MDk3MjUz">στεναγμός·</span>
      <span class="word" id="a.MTg4ODY0OTcwMzYxNjE4">ἔνθα</span>
      <span class="word" id="a.MTI3ODIwOTg0OTAyNjYz">τῆς</span>
      <span class="word" id="a.Mjc0MzYxNzIxMjk2MzIw">θνητῆς</span>
      <span class="word" id="a.NDk5ODc0NjYwNDAzNjY=">καὶ</span>
      <span class="word" id="a.MjI4MjU5MDYxODI1MDc5">φθαρτῆς</span>
      <span class="word" id="a.MjQ2MTY0MjQ4MjU5Nzcw">ζωῆς</span>
      <span class="word" id="a.Njg4MjQ5NzIzNTY5NjU=">ἀπαλλαγέντες,</span>
      <span class="word" id="a.MTg1OTE3MTAxOTcxNzE1">καὶ</span>
      <span class="word" id="a.MjcwODg3NzkzODc0MDI2">ἀργίαν</span>
      <span class="word" id="a.NTA1MzEyNTQxOTM1Mjk=">ἀργήσαντες</span>
      <span class="word" id="a.MjAyNzI3NDc5ODgyMjYy">τὴν</span>
      <span class="word" id="a.MTQ5MjMyODY5NTM1OTcw">θεοφιλῆ</span>
      <span class="word" id="a.MTAxMjc4NjA3NDQ4MTg3">ἀπαλλαγέντες,</span>
      <span class="word" id="a.NzAzNjM4ODIxMjU5Nzc=">καὶ</span>
      <span class="word" id="a.NDE2OTQ5OTg3MjIxMTI=">ἀργίαν</span>
      <span class="word" id="a.MTQ1MDU3NjUzMzc4NDgw">ἀργήσαντες</span>
      <span class="word" id="a.MjIxOTA3ODg3MzMwMjI0">τὴν</span>
      <span class="word" id="a.MTc0MTA0MjM1Mjg3MTQx">θεοφιλῆ</span>
      <span class="word" id="a.MjUxMTQwMTc4OTU1OTU=">καὶ</span>
      <span class="word" id="a.MTg2NTI4MDc5OTg3NDU3">μακαρίαν,</span>
      <span class="word" id="a.MTM1ODc2NDM3OTMzNTY5">τῶν</span>
      <span class="word" id="a.ODIzMTUxNzIxNTMyMDk=">τε</span>
      <span class="word" id="a.MTc1MDMwNDAxNzUzMzI5">σωματικῶν</span>
      <span class="word" id="a.MTk3ODIyMzYxNjE0NTA3">πράξεων</span>
      <span class="word" id="a.MTM4NDkwMjU4NjIwODMy">καὶ</span>
      <span class="word" id="a.MjM4OTE1MDc2MjM2Mzgz">τῆς</span>
      <span class="word" id="a.MjQ5ODgxNjQ0NzEwNjQ1">δουλείας</span>
      <span class="word" id="a.MTg5NjE3Mjk1MzkxMjMy">τῆς</span>
      <span class="word" id="a.MjQwNTU4Nzk3Mjk5Njcw">σαρκὸς</span>
      <span class="word" id="a.MjE3MjA4MjcyMDA5MTA=">ἐλευθερωθέντες,</span>
      <span class="word" id="a.MTg0MjgzMTI5ODY0Mzg3">σὺν</span>
      <span class="word" id="a.MjAyNjQ5NjY5NDI3MjAw">αὐτῷ</span>
      <span class="word" id="a.MTI3OTgyNzY3NTU5NTg4">τῷ</span>
      <span class="word" id="a.MTkwMzc3NzUyNzE4OTAx">Θεῷ</span>
      <span class="word" id="a.MjI1OTIwNjU0MTIzMjI3">καὶ</span>
      <span class="word" id="a.NDAzODM0NjAxNTI2NjQ=">παρ’</span>
      <span class="word" id="a.MjA1NzM0OTQzMjE3NDc1">αὐτῷ</span>
      <span class="word" id="a.MTc0NTM2OTU5NjQ0NTE5">γενόμενοι,</span>
      <span class="word" id="a.MTg2MTkwNjY5NjU1MDE3">σαββατίσομέν</span>
      <span class="word" id="a.MTc1NjUwNTEwNTYxODM1">τε</span>
      <span class="word" id="a.MjE2NzQ5NDA5MDk3NjMx">καὶ</span>
      <span class="word" id="a.MTQwMjk4NjY2NTI5NjQx">ἀναπαυσόμεθα.</span>
      <span class="word" id="a.MTM5ODYwODIyNjQ5NDU3">Διό</span>
      <span class="word" id="a.MTQwNjM5MTM2ODU1MzQ3">φησιν</span>
      <span class="word" id="a.MTM0MDEwMTE5MTgyOTQ1">ὁ</span>
      <span class="word" id="a.MTc5ODUzMTY2Mzc3NzI0">Ἀπόστολος·</span>
    </span>
    <em>
      <span class="word" id="a.MjA3NTcyNjc5NzYxNjQ5">Σπουδάσωμεν</span>
      <span class="word" id="a.MTQ1NzE2OTg0MjI5NA==">οὖν</span>
      <span class="word" id="a.NTY1NzUyMjY3NTU0NjM=">εἰσελθεῖν</span>
      <span class="word" id="a.MjYzNjI2OTA0NjEwMDU5">εἰς</span>
      <span class="word" id="a.MTM3NjYwMzMzMTA3NTUx">ἐκείνην</span>
      <span class="word" id="a.MTIzODY3OTYyMzA2NTc5">τὴν</span>
      <span class="word" id="a.NjAyNDQ3NDQwNzY5OTU=">κατάπαυσιν.</span>
    </em>
    <span>
      <span class="word" id="a.MTQwOTEwMjMzMzUxMzM=">Εἰκόνα</span>
      <span class="word" id="a.MjA0MTAzMDcxMzY3OTE5">δ’</span>
      <span class="word" id="a.MTIyMjUwODI1ODc0NDIw">ἐκείνου</span>
      <span class="word" id="a.ODA2NzA4MzYxNjkzODI=">τοῦ</span>
      <span class="word" id="a.MTc2NzY2OTI5MDAzNzcy">Σαββάτου</span>
      <span class="word" id="a.ODY4NzgxNDIwODIxNjY=">καὶ</span>
      <span class="word" id="a.MjU4MDY2NzY5NzcyNDgx">τῆς</span>
      <span class="word" id="a.MTUzNDU4OTA5NDA5NTI1">τελείας</span>
      <span class="word" id="a.MjIyMzQxMTc2NTE1OTEy">ἐκείνης</span>
      <span class="word" id="a.MTk3Njk1ODE3MDIwNzcx">καὶ</span>
      <span class="word" id="a.OTk5NTgyNTI2MjM3OTI=">τρισμακαρίας</span>
      <span class="word" id="a.MjM2NTQ3OTgzMjU3MDU5">ἀναπαύσεως</span>
      <span class="word" id="a.MjMyNDQwMjgwNTMzMTEz">φέροντες</span>
      <span class="word" id="a.MTgyMzYxOTU2NTYxMDQ5">ἐπὶ</span>
      <span class="word" id="a.NTQyNzc3MDcxNzkwMzE=">γῆς</span>
      <span class="word" id="a.MTkzMDA0NTkyOTUyMjc0">τοῦ</span>
      <span class="word" id="a.OTY0NjY4OTk0ODIzNDY=">Θεοῦ</span>
      <span class="word" id="a.MTQ0NzAyODM3NzY4Mzk0">ἄνδρες,</span>
      <span class="word" id="a.MTEyMzQ5NTMyNTczMTA2">σχολὴν</span>
      <span class="word" id="a.MTY2NzI5NTA1NDQwNjk4">μὲν</span>
      <span class="word" id="a.Nzk3MTg0NzQ3OTYxNTM=">ἐποιοῦντο</span>
      <span class="word" id="a.Mzc2NDQ0NDI4MDIxOTY=">καὶ</span>
      <span class="word" id="a.Njk5MzQyMzQ2MTA0NTc=">ἀργίαν</span>
      <span class="word" id="a.MTY4Mzc5MDgxNTgzMTU3">τῶν</span>
      <span class="word" id="a.MTYxMjE4MzYzOTk0MjM2">μακρὰν</span>
      <span class="word" id="a.MjU5Njk2OTI5MjExODgx">ἀφιστάντων</span>
      <span class="word" id="a.MTE4MTU0MTY2MzU0NzAw">τοῦ</span>
      <span class="word" id="a.MTI3NjY5MDIyNjQxMzE3">Θεοῦ,</span>
      <span class="word" id="a.MTY3MjY4NTgxNDg1NjM0">ὅλοι</span>
      <span class="word" id="a.MTgyNzUyOTM4ODU3NDIz">δὲ</span>
      <span class="word" id="a.MjYzNjcwMTQyMTE3MzYy">πρὸς</span>
      <span class="word" id="a.MjAxOTAzMDQ3NTg3OTM5">τῇ</span>
      <span class="word" id="a.MzI1NTAxNjIxNTIwOA==">τῶν</span>
      <span class="word" id="a.NzcyNDQ4Nzg2NzM3NjU=">θείων</span>
      <span class="word" id="a.MTU3MjEzMjkyNzI4OTg4">θεωρίᾳ</span>
      <span class="word" id="a.NTY5NzkyMTM4MzM3NDE=">γιγνόμενοι,</span>
      <span class="word" id="a.MTc1MjUzMzcxNTg0MDU=">δι’</span>
      <span class="word" id="a.MTk2MDkyMTgxNjEyNDY5">ἡμέρας</span>
      <span class="word" id="a.NzQ5MzE1ODgxMTUxODc=">τε</span>
      <span class="word" id="a.MjE4ODYzNjgyNDkzMDEy">καὶ</span>
      <span class="word" id="a.OTQ0NDQ1Mzg5NTk2OTk=">νυκτὸς</span>
      <span class="word" id="a.MzI5MDY0MzY3ODk5Mzk=">τῇ</span>
      <span class="word" id="a.MjA2MDIxMDI0NzcwNjY4">τῶν</span>
      <span class="word" id="a.MTI2MTk0MTUwNTIzMTYw">ἱερῶν</span>
      <span class="word" id="a.NDM2NzMyMTkxMzcwNw==">λόγων</span>
      <span class="word" id="a.MjIxMzM5NTE4NDMyNTkx">μελέτῃ</span>
      <span class="word" id="a.MTI3NTI3MTU4Nzg1Mjcx">προσκαρτεροῦντες,</span>
      <span class="word" id="a.MTg2MjE0MzMyOTY3Mjgz">ἅγια</span>
      <span class="word" id="a.MjY0MTgyOTYyOTg4MjQ2">Σάββατα</span>
      <span class="word" id="a.MTQyNDYxNDczOTM3MTkz">καὶ</span>
      <span class="word" id="a.NDMyNjMxODM5MjI0NjA=">ἀνάπαυσιν</span>
      <span class="word" id="a.NDI3MDc2MDg5NTE3MTM=">φίλην</span>
      <span class="word" id="a.MTE4Nzg2NTIwNjA0NTAz">τῷ</span>
      <span class="word" id="a.MTgyMjM3ODI5MzA3MDg4">Θεῷ</span>
      <span class="word" id="a.MjA1ODMxNDAzMzQxMDU0">διανέπαυον</span>
      <span class="word" id="a.MTk0MjE4NTUzOTgwOTgx">τότε</span>
      <span class="word" id="a.MTczNjE0NDcxMzg3MTA2">καὶ</span>
      <span class="word" id="a.Nzg5MzI0MzA4NDA4NjI=">ἐσαββάτιζον.</span>
      <span class="word" id="a.Mjc3MTE4NTk5OTQ1MDA4">Ἔνθεν</span>
      <span class="word" id="a.MTI4MDMwMzM5MjU0MDA=">εἰκότως</span>
      <span class="word" id="a.MjA5NzE3MTk5OTY4NTA=">καὶ</span>
      <span class="word" id="a.NjkwODY2MTA4ODkxMDc=">ὁ</span>
      <span class="word" id="a.MTgyOTIyMzEwOTg3OTM0">Μωϋσέως</span>
      <span class="word" id="a.MTk1NjIwMTIzODg4OTAz">νόμος,</span>
      <span class="word" id="a.MTkyMjM3NDcxMjg1MTY2">σκιὰς</span>
      <span class="word" id="a.MTUyMTkwNDYzMjc0NTQ5">τῶν</span>
      <span class="word" id="a.MzQ5MjI2MTM3Mjk2ODI=">εἰρημένων</span>
      <span class="word" id="a.MTE5NTg4NDIyMzU4Nzg5">καὶ</span>
      <span class="word" id="a.MjM5NzQ3MTgwMDM1NjUx">σύμβολα</span>
      <span class="word" id="a.OTE2MTY1MjQ1NTkwNDc=">παραδιδοὺς,</span>
      <span class="word" id="a.ODQyMDI4NzExMTI0Mzc=">ἡμέραν</span>
      <span class="word" id="a.MjIxMjA0OTg4NjA5NDYx">τινὰ</span>
      <span class="word" id="a.MjI1NDMwNDc3MzM5MjA2">τοῖς</span>
      <span class="word" id="a.MTgyMjQ0NDcwNjU4NzQ4">πλήθεσιν</span>
      <span class="word" id="a.MTc1OTIyOTY4Mzg0NTg2">ἀφώρισε,</span>
      <span class="word" id="a.MTM2MjYzMTk4MTg5OTM4">ὅπως</span>
      <span class="word" id="a.MjY2ODgwNDA2NTQwNTUz">κἂν</span>
      <span class="word" id="a.NTQ1MzAyNzcyMTQwMDI=">ταύτῃ</span>
      <span class="word" id="a.MjAwMTQwMDk5OTE4MjAx">ἀπέχωνται</span>
      <span class="word" id="a.MTQzNTA4MDA4NTU2Nzk2">μὲν</span>
      <span class="word" id="a.MTg4NTEwODEyMTY4MjM4">τῶν</span>
      <span class="word" id="a.ODAwNzA3MzkxMjM5MTQ=">συνήθων</span>
      <span class="word" id="a.MjY4MTIyODI3MzUyMQ==">ἔργων,</span>
      <span class="word" id="a.MjQ2NzIwMTg2MzkzODU5">σχολάζοιεν</span>
      <span class="word" id="a.MTY0MjE1MzI3NDA2NjE3">δὲ</span>
      <span class="word" id="a.MjIzODEzMzI5ODM2MjYz">τῇ</span>
      <span class="word" id="a.MTkzNjQ4OTUxNzE3MDg5">τοῦ</span>
      <span class="word" id="a.Mjc5MTYwMjQzNzk0MjMy">θείου</span>
      <span class="word" id="a.ODEyNTk1NzcwMjgzNzg=">νόμου</span>
      <span class="word" id="a.OTQwMDYzOTU1NDUxMTk=">μελέτῃ.</span>
      <span class="word" id="a.MTM1OTg4OTczNjg3OTA=">Ὅ</span>
      <span class="word" id="a.NjgxNTM4NDE3NDM2Nzk=">γε</span>
      <span class="word" id="a.MTkyNzM5OTExMTkzNTEw">μὴν</span>
      <span class="word" id="a.MjYzMzgzNTk1MjM4Njgw">παρὼν</span>
      <span class="word" id="a.MTczNDY3MjYyMTIwOTI2">ψαλμὸς</span>
      <span class="word" id="a.MjQwMTIyODIzOTI0NzM2">διαῤῥήδην</span>
      <span class="word" id="a.MjYxODU0MjEwMjg1Mzg4">διδάσκει</span>
      <span class="word" id="a.MjU3MTMxMzkxODM4NzU1">ἐπὶ</span>
      <span class="word" id="a.OTkyOTM5OTg4MzkxMzI=">τοῦτο</span>
      <span class="word" id="a.NjU0MjgyNDk1MDEyNzY=">δεῖν</span>
      <span class="word" id="a.MTI5MDk2NTY3OTMwODk4">τὴν</span>
      <span class="word" id="a.MTc3NjMyNzkyODIyMTU2">τοῦ</span>
      <span class="word" id="a.MjU2NDY4OTIyMzI4NDgw">Σαββάτου</span>
      <span class="word" id="a.MjIxNDMzNTU5NTE2MDQx">σχολὴν</span>
      <span class="word" id="a.MTQ5OTQ2MTcyNTgxODkx">ποιεῖσθαι</span>
      <span class="word" id="a.Njk2NTQ0OTcwMjg0ODY=">καὶ</span>
      <span class="word" id="a.MTI1Njg3NzU5MzcwMjc=">τὴν</span>
      <span class="word" id="a.MTE4MjQzODA1OTM5NzM=">τῶν</span>
      <span class="word" id="a.ODUzMjIwNDUzNzgxMzc=">ἀνωφελῶν</span>
      <span class="word" id="a.MjcyNTA1NzUwMDQ4MTUy">ἀργιῶν</span>
      <span class="word" id="a.ODcyOTExNjkwMDc4Mzg=">ἐπὶ</span>
      <span class="word" id="a.MTI1MTYxOTg3MDQ2MjY2">τὸ</span>
      <span class="word" id="a.MTA4MzE4MDI1MjcyNTEy">κατὰ</span>
      <span class="word" id="a.NDc2MDAzNzk0ODY4MDA=">ταὐτὸν</span>
      <span class="word" id="a.NDk0MDA3NDc0NzQyNzk=">συνερχομένους</span>
      <span class="word" id="a.NjcxNzgwMDQ0MzE4OTk=">ἐργάζεσθαι</span>
      <span class="word" id="a.NTEzNTYxMjQ2NzI4MDU=">τὰ</span>
      <span class="word" id="a.Mjc0NjQ3NTY0ODc0MDYz">διὰ</span>
      <span class="word" id="a.MjI2MDMyNzM0NjU2NDI5">τοῦ</span>
      <span class="word" id="a.MTU5NzA1NTU1MTM0NDI3">ψαλμοῦ</span>
      <span class="word" id="a.MjM1NzAwMTEyNzc5ODk2">δηλούμενα.</span>
      <span class="word" id="a.MTQyMDEyNDk2NDMwNzEy">Ἦν</span>
      <span class="word" id="a.MjQzMDYwODc2MjQ0NjEz">δὲ</span>
      <span class="word" id="a.MTU5MTgwNTIzMjUzMjYw">πρῶτον</span>
      <span class="word" id="a.MTA5MTEwMDMwOTc1ODcx">ἐξομολογεῖσθαι</span>
      <span class="word" id="a.OTg3NDkyMzk5MjEyNjU=">τῷ</span>
      <span class="word" id="a.MTE0NjAxNTA4ODA4OQ==">Κυρίῳ·</span>
      <span class="word" id="a.Mjc5ODA3NTMzMTA3MDA=">δεύτερον</span>
      <span class="word" id="a.MjE3MDUwNDMzOTcwODY2">ψάλλειν</span>
      <span class="word" id="a.MjU5MTk5OTU2NzY0MTky">διὰ</span>
      <span class="word" id="a.MjI4ODY1NTg1NjkwOTgx">τῶν</span>
      <span class="word" id="a.MTQ2NzkwMDMzNzE1OTc4">μουσικῶν</span>
      <span class="word" id="a.MTAyNDQ4NzkwMTAzMDU2">ὀργάνων</span>
      <span class="word" id="a.MTAxNDQyMjI1NDkxODA4">τῷ</span>
      <span class="word" id="a.MTE3MjQ5NzQwODM4MDQ1">ὀνόματι</span>
      <span class="word" id="a.MTI3NzY1Mzk1NjA0ODAz">αὐτοῦ·</span>
      <span class="word" id="a.MjAzNTU4NDEwMDg2MDQz">τρίτον</span>
      <span class="word" id="a.MzEzMzkyMzc0MjUyMTU=">ἀναγγέλλειν</span>
      <span class="word" id="a.MjYwNzAwNjg5ODgyODA2">κατὰ</span>
      <span class="word" id="a.MjM0ODg3ODQ5MzcwMjI=">τὰς</span>
      <span class="word" id="a.MjQyNDEzNDYzNTI2Mjgz">ἑωθινὰς</span>
      <span class="word" id="a.NzgzNzU2NDA2NzMwNDk=">ὥρας</span>
      <span class="word" id="a.Nzk3OTU3MDkxOTQxMjE=">τὸ</span>
      <span class="word" id="a.MjAzNzE5OTM0NjI5MjQy">ἔλεος</span>
      <span class="word" id="a.MjI4MDE0NjE4ODM1ODE2">αὐτοῦ·</span>
      <span class="word" id="a.NzY3Mzg3MTc3MjY0MzY=">τέταρτον</span>
      <span class="word" id="a.Mjc2ODA0OTM2NzA1MjI3">διηγεῖσθαι</span>
      <span class="word" id="a.ODI3NDE3ODQ4NzUyNzY=">τὴν</span>
      <span class="word" id="a.MTE5ODkwODgxMzY0ODcy">ἀλήθειαν</span>
      <span class="word" id="a.OTE1MDEwNTU0OTgzODc=">αὐτοῦ</span>
      <span class="word" id="a.ODc0ODM1MTM5NDA5MTI=">κατὰ</span>
      <span class="word" id="a.MTAzNzEwMDc2MDQ1MTEy">τοὺς</span>
      <span class="word" id="a.MTc0Nzc5ODk3MjMyMjcy">νυκτερινοὺς</span>
      <span class="word" id="a.Njc5NDY1Nzk2ODc0MDQ=">καιρούς·</span>
      <span class="word" id="a.MjAyODI1MDk0MzM2NTI2">καὶ</span>
      <span class="word" id="a.NDYwNTM5MTc4MzkwNTM=">ταῦτα</span>
      <span class="word" id="a.MjYzMzk3NjExOTgyMA==">πράττειν</span>
      <span class="word" id="a.Njg2MzM1MjA3ODA1MzA=">μὴ</span>
      <span class="word" id="a.MTQxNjk5NDQzODY0Mw==">μόνον</span>
      <span class="word" id="a.MjMyMDIxNjA2NTczMjY4">χείλεσι</span>
      <span class="word" id="a.MTUyOTIwMTI5Mzk3ODc3">καὶ</span>
      <span class="word" id="a.NDEwNDUxNDEzOTgxOTE=">φωνῇ,</span>
      <span class="word" id="a.MTAwMzU3Mjc1MTc0OTQ2">ἀλλὰ</span>
      <span class="word" id="a.MTQzNjE4MTI5MTAzNzUz">καὶ</span>
      <span class="word" id="a.MTA3OTI4NTQ3ODAxNDE0">διὰ</span>
      <span class="word" id="a.NDM0MTM5ODE3MDk1MTg=">τῆς</span>
      <span class="word" id="a.MTIzMTk1MDM1NTUzNzc5">τῶν</span>
      <span class="word" id="a.MTQ2NTkyNjMxNzQ1NDgz">μουσικῶν</span>
      <span class="word" id="a.MTUwMzk2Mjk3Njc1NDA=">ὀργάνων</span>
      <span class="word" id="a.NTE3NDczNzE0NDU5MTQ=">ἀνακρούσεως·</span>
    </span>
    <em>
      <span class="word" id="a.NTgzNzk3MTQxOTAyNzM=">Ἐν</span>
      <span class="word" id="a.NzcxMzkyMjExNzkwNjE=">δεκαχόρδῳ</span>
      <span class="word" id="a.MjQxMTgzODIwMDI1Njc0">γὰρ,</span>
    </em>
    <span>
      <span class="word" id="a.NjY5NjUzMDU5NzMwOQ==">φησὶ,</span>
    </span>
    <em>
      <span class="word" id="a.MTY3OTE4NDQ2MTc0OTQ4">ψαλτηρίῳ</span>
      <span class="word" id="a.MjQzNDUyNTEwMzg2OTQx">καὶ</span>
      <span class="word" id="a.MjAxMzA1MjE1NDE3NzM0">μετ’</span>
      <span class="word" id="a.MTk5NTE0MjkyOTkxNDUy">ᾠδῆς</span>
      <span class="word" id="a.MjQ0NjUwNDM5Mjc3ODEy">ἐν</span>
      <span class="word" id="a.NDMyMjA1NzYwMjIwNzY=">κιθάρᾳ.</span>
    </em>
  </p>
  <p>
    <span>
      <span class="word" id="a.MTg2OTg5Mjg3NDg1MTEx">Ὁρᾷς</span>
      <span class="word" id="a.MTQ5ODk5OTg4MzI3NTM5">οὖν</span>
      <span class="word" id="a.MTc5NzY4ODA1Mzc2Mjg=">ὅσα</span>
      <span class="word" id="a.MzQ2MjI3NTkxMDY1NzA=">πράττειν</span>
      <span class="word" id="a.Mjc0NTM4NDU5MjkwMTUx">ὁ</span>
      <span class="word" id="a.MjEzNzE2OTg4NjA5Mjcw">παρὼν</span>
      <span class="word" id="a.MzIzODI1Njc2OTU4Mzg=">λόγος</span>
      <span class="word" id="a.MjIxMDUzMzQ4Mzc2MDA4">παραινεῖ</span>
      <span class="word" id="a.Mjc2NzM3NTc2MTU5NDI5">κατὰ</span>
      <span class="word" id="a.MTE2ODUzNTQzMDA4ODU=">τὴν</span>
      <span class="word" id="a.MTE3NDY1NTEzMzQyOTgy">τῆς</span>
      <span class="word" id="a.MTc1MTE5NDg1MTIzOTg3">ἀναστάσεως</span>
      <span class="word" id="a.MTEyOTM5NjA0ODU2NjQw">ἡμέραν;</span>
      <span class="word" id="a.MjM4Mzg4NTM2NDA5OTM5">Ἐπιγέγραπται</span>
      <span class="word" id="a.MTU3MzkxNjUzMjYxODEx">γοῦν</span>
      <span class="word" id="a.NzE4NzQ2NTQ1NzE0ODY=">ὁ</span>
      <span class="word" id="a.MTYzMjYxMDA3OTExNTU4">ψαλμὸς,</span>
    </span>
    <em>
      <span class="word" id="a.MTk1MDI1NjIyOTQzOTU3">εἰς</span>
      <span class="word" id="a.MTk0MTk1MDgxOTg3MzQz">τὴν</span>
      <span class="word" id="a.NDg2MjkwMjMwNTMyODI=">ἡμέραν</span>
      <span class="word" id="a.MjcxOTI3NjQxNTkzODgx">τοῦ</span>
      <span class="word" id="a.MTE2NjI1ODY1MTYyMTY4">Σαββάτου.</span>
    </em>
    <span>
      <span class="word" id="a.MTc2ODQ3MzA5MjIxOTk3">Ἀλλὰ</span>
      <span class="word" id="a.MTg1NTU1MTIwMzE2MzE=">καὶ</span>
      <span class="word" id="a.MTM2MjY4NDU4MTc4NjU0">οἱ</span>
      <span class="word" id="a.ODA2MjM1NDA0OTA4NzE=">ἱερεῖς</span>
      <span class="word" id="a.MTE5NTg0NTk1OTEzNzA0">ἐν</span>
      <span class="word" id="a.MzI4NDg2ODE5OTM2NTE=">τῷ</span>
      <span class="word" id="a.NTQ5MjE5OTE3OTQ2MDg=">ἱερῷ</span>
      <span class="word" id="a.MjA5MzE5OTIzMjE5ODYy">κατὰ</span>
      <span class="word" id="a.MjYyMDMzMTU0NzA1ODQ4">τὸ</span>
      <span class="word" id="a.MTcwMzYzNjQ0ODU0OTUx">Σάββατον</span>
      <span class="word" id="a.MjI5NTI3NDc2MzQzNTI0">ἕτερα</span>
      <span class="word" id="a.ODk1MzkzNjM2NjkzMDE=">πλεῖστα</span>
      <span class="word" id="a.MTQ4NDYxMzU3MDA3NTk=">ἔπραττον</span>
      <span class="word" id="a.MjE3MjQ2NDA5NjY1NDY4">κατὰ</span>
      <span class="word" id="a.MjA5NjA0NjcyNDQ4MTE=">τὸν</span>
      <span class="word" id="a.MTc2NTE0MzkyOTE2NDU1">νόμον.</span>
      <span class="word" id="a.MTIyMjE4NDM4NjUxMzMz">Οὐκ</span>
      <span class="word" id="a.NDgyMjgzNDcwNzQ2ODI=">ἄρα</span>
      <span class="word" id="a.Mjk1MzQzNzI3OTAxNzg=">ὁλοσχερῶς</span>
      <span class="word" id="a.MTE0NTUyNzM5MjYwNTIw">ἀργεῖν</span>
      <span class="word" id="a.MjU2NjMwNzQzNTcwMjc0">προστάττει.</span>
      <span class="word" id="a.MTQ1OTAxMzYwMDE3NTQ1">Ἀλλ’</span>
      <span class="word" id="a.MTYyNjIzNjk0MzY3ODUz">οὐδὲ</span>
      <span class="word" id="a.NTg0Mjc0NDMwNzQxNzk=">τοῖς</span>
      <span class="word" id="a.MzkxODMxNDY1NTA5ODA=">ἱερεῦσιν</span>
      <span class="word" id="a.MjcwNDA1NjIwMjQ2NTM0">ἡ</span>
      <span class="word" id="a.NTExNzY2NDExMTg2OTc=">τοῦ</span>
      <span class="word" id="a.NzY2MzE0NTY1MTAzOTk=">Σαββάτου</span>
      <span class="word" id="a.MjM5MTM2MzIyODYwNjU1">ἡμέρα</span>
      <span class="word" id="a.MTcxODIzMTAxNzY5MzE5">νενομοθέτητο·</span>
      <span class="word" id="a.MjEyMDM2OTA4ODY0NTQy">μόνοις</span>
      <span class="word" id="a.MTIyMzUzMTUxMjgyNDkx">δὲ</span>
      <span class="word" id="a.MTIzMjk2MTk5OTMwOTUy">τοῖς</span>
      <span class="word" id="a.MTM0ODY4NjE4ODM1MTQ0">μὴ</span>
      <span class="word" id="a.ODMwMzc3Njk0MTgxNDE=">οἵοις</span>
      <span class="word" id="a.MTE3MjI2MDMwNjcwNzM3">τε</span>
      <span class="word" id="a.MTY1NzU1MDQyNjk0MTY3">οὖσι</span>
      <span class="word" id="a.MTUxMDc3NTE2Mjc4NDkz">τὸν</span>
      <span class="word" id="a.MjE4MjY1MjE2MDEyODIw">πάντα</span>
      <span class="word" id="a.MjUzMDMyMTEyNTc0ODI0">χρόνον</span>
      <span class="word" id="a.MTU5MjYzNTc0MzQwMDkx">τῆς</span>
      <span class="word" id="a.MTA3OTI0Nzg3OTgxMTM3">αὐτῶν</span>
      <span class="word" id="a.ODg3NDEwNzQwNzA5NjU=">ζωῆς,</span>
      <span class="word" id="a.MTc0MDY0OTE3MDg5ODAz">καὶ</span>
      <span class="word" id="a.ODg0MjI3OTI4NTQ2NDA=">πάσας</span>
      <span class="word" id="a.OTk2NjE0MDQ2MDQxNjU=">αὐτῶν</span>
      <span class="word" id="a.Njk4ODkxMTE4MTA2OTY=">τὰς</span>
      <span class="word" id="a.OTc0ODQwODQ5Mzc0NjE=">ἡμέρας</span>
      <span class="word" id="a.MTU2MDk0OTU0NTEwNTg4">τῇ</span>
      <span class="word" id="a.Mjc0MzU3NzM5MDAxNDc2">τοῦ</span>
      <span class="word" id="a.MjQwOTE5NDA5NTExNjA1">Θεοῦ</span>
      <span class="word" id="a.MjE4Njk3ODYyMDM5Njg1">λατρείᾳ</span>
      <span class="word" id="a.OTc0MTgzMzgyMTYxMTI=">καὶ</span>
      <span class="word" id="a.MTA4MzEyNTI3NzY4MTcx">τοῖς</span>
      <span class="word" id="a.MTU2NDU5Njg1NTY4Nzc5">τῷ</span>
      <span class="word" id="a.NTA1NDUyNDMyNzIyODg=">Θεῷ</span>
      <span class="word" id="a.MTYxMzQwNDYxNjQzNzU2">φίλοις</span>
      <span class="word" id="a.MTYzNjI3NTkzMTg3MjA1">ἔργοις</span>
      <span class="word" id="a.MjEyMzk0OTg5ODU1MjA2">σχολάζειν·</span>
      <span class="word" id="a.MjUyODExMzY0MTM2MjEz">τούτοις</span>
      <span class="word" id="a.MjU1MDEyOTc3NjkyOTEy">γὰρ</span>
      <span class="word" id="a.MjQ3NzAzMzUxODAyNzc3">ἐκ</span>
      <span class="word" id="a.MjQzNTc1MzUxMzMyNjMx">διαστημάτων</span>
      <span class="word" id="a.MTk2MTI1OTYzNjA4Nzg0">ταῦτα</span>
      <span class="word" id="a.MjAwNzE1NzIzNTgyNzMz">πράττειν</span>
      <span class="word" id="a.MjA2NTg4MjU5NDk2OTY4">ἐνομοθέτει.</span>
      <span class="word" id="a.MjM3Njg0NzAzODUyMDc5">Τοῖς</span>
      <span class="word" id="a.NDgxOTM2MDQ2MDc0ODk=">γε</span>
      <span class="word" id="a.Mjc0MzM5MjEwMDYyOQ==">μὴν</span>
      <span class="word" id="a.MTE3ODc3Mjk2MjM4MTcz">πλησμονῇ</span>
      <span class="word" id="a.MTEwNzAyNTcwODI2MjA5">γαστρὸς</span>
      <span class="word" id="a.NDg2ODU2MTQ4MzAzNDg=">καὶ</span>
      <span class="word" id="a.MTMxMTE5OTg5MzE3MjEy">μέθῃ,</span>
      <span class="word" id="a.MjMyMTgzNjM3NTE0MjU4">καὶ</span>
      <span class="word" id="a.MTIyMDI2NzQ5NzI2Mzc0">πάσῃ</span>
      <span class="word" id="a.MTA0ODQ4NDg1MzMxNjUz">ἀκοσμίᾳ</span>
      <span class="word" id="a.MTk5MzE5MDIzMzcyNDEw">κατὰ</span>
      <span class="word" id="a.MjQwMDc1MjQ2NjAwNjY1">τὴν</span>
      <span class="word" id="a.MjMwOTkyNzE3NTY2MDMx">ἡμέραν</span>
      <span class="word" id="a.NjEyMzY4NjcxMDE3ODU=">τοῦ</span>
      <span class="word" id="a.Nzk5NjY0ODg3Mjg1MzY=">Σαββάτου</span>
      <span class="word" id="a.MjQyNjUzNDQ4MDEwNDE2">ἑαυτοὺς</span>
    </span>
  </p>
</section>
