<section class="sc-level-2" style="margin-top: 1em;">
  <h4 id="doris-galatea">
    <span class="word" id="a.MTg2NjMyNTUyMDQzMzUz">ΔΩΡΙΔΟΣ</span>
    <span class="word" id="a.MTE1NjY4MDY1NjAzMDUy">ΚΑΙ</span>
    <span class="word" id="a.MjIwNjAwNDc3OTA2NTI1">ΓΑΛΑΤΕΙΑΣ</span>
  </h4>
  <h5 style="text-align: center;">
    <span class="word" id="a.MTk1NzA2NTUyNzY3Nzc2">ΔΩΡΙΣ</span>
  </h5>
  <p>
    <span class="word" id="a.OTUwNDE4NTczNDQ0MjI=">Καλὸν</span>
    <span class="word" id="a.MTQ2MTUzMTQ0NDgzMjA5">ἐραστήν,</span>
    <span class="word" id="a.NDY2NzExNTY1MzY1MTQ=">ὦ</span>
    <span class="word" id="a.MjI1MjA5ODcxOTYwOTAw">Γαλάτεια,</span>
    <span class="word" id="a.Mzk1NTMzNDYwMzQwOA==">τὸν</span>
    <span class="word" id="a.MTgxOTI5NjQ4Njk5NzEz">Σικελὸν</span>
    <span class="word" id="a.MTAzOTU2OTA4NzYwNzU4">τοῦτον</span>
    <span class="word" id="a.NDkwNTk4Njc0NjgzMDE=">ποιμένα</span>
    <span class="word" id="a.MTM3NTYyMTA1NTU5ODQ2">φασὶν</span>
    <span class="word" id="a.MTgwNDU2ODk2NDYwNzU2">ἐπιμεμηνέναι</span>
    <span class="word" id="a.NTcyNjg2MjEzODk5NDE=">σοί.</span>
  </p>
  <h5 style="text-align: center;">
    <span class="word" id="a.MTE3ODk4NjE0Nzc5MDUw">ΓΑΛΑΤΕΙΑ</span>
  </h5>
  <p>
    <span class="word" id="a.MTk2OTYyMDE3MjIyODg5">Μὴ</span>
    <span class="word" id="a.OTQ0MjUzMjIyNDcxMQ==">σκῶπτε,</span>
    <span class="word" id="a.MjUyNTU2NzY5ODUxNjky">Δωρί:</span>
    <span class="word" id="a.MjE3MzU5OTMzNTIyNzk5">Ποσειδῶνος</span>
    <span class="word" id="a.Njc4OTQ3OTY3Njg1NzE=">γὰρ</span>
    <span class="word" id="a.NTAzMDYxNjMxMzM2NjM=">υἱός</span>
    <span class="word" id="a.MjMzMTEzNzg4Nzk1NzU3">ἐστιν,</span>
    <span class="word" id="a.MjQxOTk5MTMyODE5NjIx">ὁποῖος</span>
    <span class="word" id="a.MTk5NzcwMzExOTU0MjMw">ἂν</span>
    <span class="word" id="a.NTkzOTI4ODg3NDk3MjA=">ᾖ.</span>
    <span class="word" id="a.MjY1NTE4MjM1OTY1OTU5">ὁποῖος</span>
    <span class="word" id="a.MTEwNzcxODM3NzI0MzIz">ἂν</span>
    <span class="word" id="a.NzAzODY3NDA2NTI4NDg=">ᾖ.</span>
  </p>
  <h5 style="text-align: center;">
    <span class="word" id="a.MjM2Nzg1MDk1MDY0MzYy">ΔΩΡΙΣ</span>
  </h5>
  <p>
    <span class="word" id="a.MTMxMjM0MjUwMTUzNzk4">Τί</span>
    <span class="word" id="a.NDk4NzQ0MzE2MDUyNzU=">οὖν;</span>
    <span class="word" id="a.MzE2MTczNjk4Mjc0MTY=">εἰ</span>
    <span class="word" id="a.MjY5NTI5MDA5MzkzMDMx">καὶ</span>
    <span class="word" id="a.MjMxNjExNTI5NjQzNzM0">τοῦ</span>
    <span class="word" id="a.MTExMTU0MTU2NDI2MzQ0">Διὸς</span>
    <span class="word" id="a.MjQyOTYwNjU2OTgwMjI4">αὐτοῦ</span>
    <span class="word" id="a.MTczNzI2OTgwNzI2ODg5">παῖς</span>
    <span class="word" id="a.MTQ0Mjc0MDg5MDA5NzYz">ὢν</span>
    <span class="word" id="a.MTQ5NzU0ODgzMjc5OTU1">ἄγριος</span>
    <span class="word" id="a.NzU2NzM4NTA1MDIyNDE=">οὕτως</span>
    <span class="word" id="a.NDAxMjI4MTE1NDg1NDE=">καὶ</span>
    <span class="word" id="a.MTU0OTA0Mjg5NjUxNjA3">λάσιος</span>
    <span class="word" id="a.MTAyMDM2MDUxMjQyNzI1">ἐφαίνετο</span>
    <span class="word" id="a.MjIzOTcyNTEyODY0MDQ2">καί,</span>
    <span class="word" id="a.MjExNDQ3MDEyMzQzMzA2">τὸ</span>
    <span class="word" id="a.NzQ5MTc4NzQ3OTcxMDg=">πάντων</span>
    <span class="word" id="a.MjY0MDYzMjQ4MzYwODk1">ἀμορφότατον,</span>
    <span class="word" id="a.MTYyMTg0NzY2Njk0NDI1">μονόφθαλμος,</span>
    <span class="word" id="a.MTU3NjM4MTg4MDczODgz">οἴει</span>
    <span class="word" id="a.MjEzNzY2NjA4MzgyMDE=">τὸ</span>
    <span class="word" id="a.MTMwMjM0MjI0MzE2Mjg0">γένος</span>
    <span class="word" id="a.MjU1MzkzMjUxMDQ0OTcw">ἄν</span>
    <span class="word" id="a.NTUzMTQ0MTE1ODI2OTQ=">τι</span>
    <span class="word" id="a.MTM0OTgxMzkzOTc2MTI0">ὀνῆσαι</span>
    <span class="word" id="a.Mjc1MDg2MzQwNjgwOTY1">αὐτὸν</span>
    <span class="word" id="a.OTMwODc3NzEzMTEwMjY=">πρὸς</span>
    <span class="word" id="a.NTA5OTE3ODU1NjY4OTI=">τὴν</span>
    <span class="word" id="a.MjY3MDUxODM3MjIyODk4">μορφήν;</span>
  </p>
  <h5 style="text-align: center;">
    <span class="word" id="a.NTYxODkzMDg2MDIxNzI=">ΓΑΛΑΤΕΙΑ</span>
  </h5>
  <p>
    <span class="word" id="a.OTMzNTIwOTQ5OTM4OTU=">οὐδὲ</span>
    <span class="word" id="a.NDY4MzQxNDg0NDI4MDU=">τὸ</span>
    <span class="word" id="a.MjI3OTQzODUxNTA0MTE4">λάσιον</span>
    <span class="word" id="a.OTQ1NzQ2NjQ3MDk1MDI=">αὐτοῦ</span>
    <span class="word" id="a.OTM3NjAzMzU3MjcwODg=">καί,</span>
    <span class="word" id="a.MjM0OTQ4MzI2NDk1MzY2">ὡς</span>
    <span class="word" id="a.MjYxNzY0Nzg1MDQyMjk2">φής,</span>
    <span class="word" id="a.MTczODI3MTg0NDk5MzI5">ἄγριον</span>
    <span class="word" id="a.MTk0MjExMTIwNjc3NjI1">ἄμορφόν</span>
    <span class="word" id="a.MjcyMjM1MjY3NjYyMzg1">ἐστιν</span>
    <span class="word" id="a.NDQ2NDU0Njg0NDAzMDI=">ἀνδρῶδες</span>
    <span class="word" id="a.MjAyMjMzNTQ2ODg3MDYx">γάρ</span>
    <span class="word" id="a.MTQyMzM4OTYyNTYyOTQ5">ὅ</span>
    <span class="word" id="a.OTEwOTI3MzMwNzYyMzk=">τε</span>
    <span class="word" id="a.NzE0MjcxNjM4Nzk5NDc=">ὀφθαλμὸς</span>
    <span class="word" id="a.MTY5MDA4OTIyNjcxMDk2">ἐπιπρέπει</span>
    <span class="word" id="a.NDIwODgzODgyMzQ2MDk=">τῷ</span>
    <span class="word" id="a.MjA2MzgxNjA5OTY5NTk5">μετώπῳ</span>
    <span class="word" id="a.MTUwNDMwMzEwNDQ3ODM1">οὐδὲν</span>
    <span class="word" id="a.MTI1NDA0NDE2MTI1NzYx">ἐνδεέστερον</span>
    <span class="word" id="a.Mjc4Nzc3MjkzNDIwOTg1">ὁρῶν</span>
    <span class="word" id="a.MjY2NTQ0NjYzMDk4Nzgy">ἢ</span>
    <span class="word" id="a.MTE4MTY1OTE2NTAzNTAw">εἰ</span>
    <span class="word" id="a.NDY3Njc2ODkwMjM5MjY=">δύ᾽</span>
    <span class="word" id="a.MTk4MjcxOTkxNzI0OTYz">ἦσαν.</span>
  </p>
  <h5 style="text-align: center;">
    <span class="word" id="a.MTc2Mzc3OTkzMzkxMDU1">ΔΩΡΙΣ</span>
  </h5>
  <p>
    <span class="word" id="a.MTYyNDU3NDM2MTMxODg1">ἔοικας,</span>
    <span class="word" id="a.MTE1NDE4NDU2NTEwNzA5">ὦ</span>
    <span class="word" id="a.MjUzODExOTAxMTU2OTUx">Γαλάτεια,</span>
    <span class="word" id="a.MTM1MzM4MTg1MTAyOTE2">οὐκ</span>
    <span class="word" id="a.MTczMjA5OTY5ODgwNTIy">ἐραστὴν</span>
    <span class="word" id="a.MTQ3NjAzMTc0MTYwNTEy">ἀλλ᾽</span>
    <span class="word" id="a.MTY2ODI5ODEyODgyNTQw">ἐρώμενον</span>
    <span class="word" id="a.OTc2NTkwNTg2OTMzNjc=">ἔχειν</span>
    <span class="word" id="a.MTg2NTA3MDgwNjE2NTEy">τὸν</span>
    <span class="word" id="a.MjAzMTIyMzkyMzUwNDkx">Πολύφημον,</span>
    <span class="word" id="a.MTMyMDUxNDUwMTE1NDI5">οἷα</span>
    <span class="word" id="a.Mjc3NTg5NTU0MzU5MzY1">ἐπαινεῖς</span>
    <span class="word" id="a.MTY2NzE2NTQ3MTcwMzI5">αὐτόν.</span>
  </p>
  <h5 style="text-align: center;">
    <span class="word" id="a.MTQ3MzM2ODM3NDAxNzIw">ΓΑΛΑΤΕΙΑ</span>
  </h5>
  <p>
    <span class="word" id="a.MjIxODkwOTA0MDQ3MjAw">οὐκ</span>
    <span class="word" id="a.OTc0MjEzMTE4MzY4MTA=">ἐρώμενον,</span>
    <span class="word" id="a.MjI5ODQ5Mzg4NDAwNTE4">ἀλλὰ</span>
    <span class="word" id="a.MTg2MjQ4MDU5Njk0NjU2">τὸ</span>
    <span class="word" id="a.MTM4MzE4ODk2NDcyNTEy">πάνυ</span>
    <span class="word" id="a.MTk0MDU5MjkyODQyODU4">ὀνειδιστικὸν</span>
    <span class="word" id="a.MTYwMzE3MzMyNzgxOTg=">τοῦτο</span>
    <span class="word" id="a.NjA3ODI5NjIwMDE2Nw==">οὐ</span>
    <span class="word" id="a.MTY4NDA5MzQzMjUzNzI3">φέρω</span>
    <span class="word" id="a.NTQwNjQzNDA3NTY3MTM=">ὑμῶν,</span>
    <span class="word" id="a.OTk1Njc1OTA1ODkyODg=">καί</span>
    <span class="word" id="a.MjI4MzQxMjc5ODM2MzUy">μοι</span>
    <span class="word" id="a.MjM5NTk4NjAxODUwODYz">δοκεῖτε</span>
    <span class="word" id="a.MTY5NzYzMDQ4NTE2MTI1">ὑπὸ</span>
    <span class="word" id="a.MjI0MjE0NDc3NTU4MTE5">φθόνου</span>
    <span class="word" id="a.MTQzNzY2MTA4OTA0MDM5">αὐτὸ</span>
    <span class="word" id="a.MTA5NTgxMzYyMzYzMjYy">ποιεῖν,</span>
    <span class="word" id="a.MjA5MjM3NzcxOTI1ODcx">ὅτι</span>
    <span class="word" id="a.MjM1MzI3MTgyOTAyMjM1">ποιμαίνων</span>
    <span class="word" id="a.MjU0NzEyODYwMjE5Mzgx">ποτὲ</span>
    <span class="word" id="a.MTMyMzAxMTUyNjE2Njg4">ἀπὸ</span>
    <span class="word" id="a.NTk2NTM0NDE0NTc4OTA=">τῆς</span>
    <span class="word" id="a.MjIyMDk5Mjk1MzMxNDQ3">σκοπῆς</span>
    <span class="word" id="a.MjQ1NTE3MTk2NTc5NjU2">παιζούσας</span>
    <span class="word" id="a.NTk2NzA3NTc5MDk1MzE=">ἡμᾶς</span>
    <span class="word" id="a.Mjc3ODY1MDgyMjc3OTkz">ἰδὼν</span>
    <span class="word" id="a.MzAwMjUxMTQ4NjU1NTc=">ἐπὶ</span>
    <span class="word" id="a.MTcxODA1NjQ0MzIxNTU3">τῆς</span>
    <span class="word" id="a.MTI4OTUzODU1MjA5MzIx">ᾐόνος</span>
    <span class="word" id="a.NTQyODM4NzU0MTg0NDY=">ἐν</span>
    <span class="word" id="a.MTgzMjQ5OTI5OTYzNTY2">τοῖς</span>
    <span class="word" id="a.OTI4OTY2MTE1MDQ3MDA=">πρόποσι</span>
    <span class="word" id="a.NjQ5Njk5MzkwNTY5MTM=">τῆς</span>
    <span class="word" id="a.MTgwNzU4OTc2NzcyMDg5">Αἴτνης,</span>
    <span class="word" id="a.MTk0NzUwNzQxNzMwOTI3">καθ᾽</span>
    <span class="word" id="a.MjgxMTE1MTQ2NDEwNTMx">ὃ</span>
    <span class="word" id="a.MTg5NzIxOTY3ODkxODcz">μεταξὺ</span>
    <span class="word" id="a.Mjc1NTUwNzM3OTExOTU=">τοῦ</span>
    <span class="word" id="a.Njc2MjI0MTY2NjM4Mw==">ὄρους</span>
    <span class="word" id="a.MjcxNTU2OTE2MDUwMTg1">καὶ</span>
    <span class="word" id="a.MjI4MjY0NjYyNTk0OTI2">τῆς</span>
    <span class="word" id="a.MjQ3NTc4Nzc0MTk3OTY4">θαλάττης</span>
    <span class="word" id="a.MjQ3NDQyMTU3MjQwNDky">αἰγιαλὸς</span>
    <span class="word" id="a.MjYxNzU0NDEzNTYwNTQ0">ἀπομηκύνεται,</span>
    <span class="word" id="a.MjE4MjMwNzMzMTE3MTY2">ὑμᾶς</span>
    <span class="word" id="a.MTIxMjMwMTAxNzM0NTk5">μὲν</span>
    <span class="word" id="a.MTI1NzcyMDkxMDI0NTg0">οὐδὲ</span>
    <span class="word" id="a.MTIzMTgzNDMzMTYzNDUw">προσέβλεψεν,</span>
    <span class="word" id="a.MTYzMjYwOTQzMjM5OTc0">ἐγὼ</span>
    <span class="word" id="a.MTQ4ODQzMTI2MDcxOTA4">δὲ</span>
    <span class="word" id="a.MjU0ODcyMTk0OTU4ODkw">ἐξ</span>
    <span class="word" id="a.MTkzMjg5NjU1OTcyMTUz">ἁπασῶν</span>
    <span class="word" id="a.Mjc0NDU0OTE3Njg1Njg3">ἡ</span>
    <span class="word" id="a.MjgwODkzMzg0MzMxNzQ=">καλλίστη</span>
    <span class="word" id="a.MTI0NDQ0MTE5Njk4Mzk1">ἔδοξα,</span>
    <span class="word" id="a.NTc0NzU2MjI5Njk2OTI=">καὶ</span>
    <span class="word" id="a.MTc0NzMwNDY5MjkxMDQ3">μόνῃ</span>
    <span class="word" id="a.MjI0MDQ1NTA0NDc1NTIx">ἐμοὶ</span>
    <span class="word" id="a.MjUyMzI3MTQzMzg0ODY4">ἐπεῖχε</span>
    <span class="word" id="a.MjcyNDIxODg4MDcyMzI1">τὸν</span>
    <span class="word" id="a.MzY2ODAyMDM5NTg4Mg==">ὀφθαλμόν.</span>
    <span class="word" id="a.MTI0NDcyOTE3NTA2Njc5">ταῦτα</span>
    <span class="word" id="a.MjMzNzQ2OTAyMzM1NTI=">ὑμᾶς</span>
    <span class="word" id="a.MTUyODMxMzczMzQ1ODQx">ἀνιᾷ:</span>
    <span class="word" id="a.NjkxOTA5NDQyMTEwMTM=">δεῖγμα</span>
    <span class="word" id="a.MjQ5ODc1MTQ5OTY3OTY2">γάρ,</span>
    <span class="word" id="a.MTUzNDg1ODMyMjkxNzU1">ὡς</span>
    <span class="word" id="a.MjU0NzQyODc0NzE2MzQy">ἀμείνων</span>
    <span class="word" id="a.NjA5MTIyODEwMTExNzc=">εἰμὶ</span>
    <span class="word" id="a.MTc1MDIyODcwNDM2MTM=">καὶ</span>
    <span class="word" id="a.MTczNTEzNjIxMTcyMjk0">ἀξιέραστος,</span>
    <span class="word" id="a.MTg5OTIwMDQ3NjYyNzY=">ὑμεῖς</span>
    <span class="word" id="a.MjMyMTg4NTEyOTY5MTYy">δὲ</span>
    <span class="word" id="a.MTExOTAyOTg2NDI4MTgz">παρώφθητε.</span>
  </p>
  <h5 style="text-align: center;">
    <span class="word" id="a.NTQxMjU1NzkyNjk2MzQ=">ΔΩΡΙΣ</span>
  </h5>
  <p>
    <span class="word" id="a.MjY5NjQ3OTczMTA2NTUy">εἰ</span>
    <span class="word" id="a.ODAzNDIxMDU2OTUxNDA=">ποιμένι</span>
    <span class="word" id="a.Mjc0NTk2NDM1MTk5NDc3">καὶ</span>
    <span class="word" id="a.OTQxNDc0MTkxNjgxMDU=">ἐνδεεῖ</span>
    <span class="word" id="a.MTM2NzYxNDIwMDIxMzM3">τὴν</span>
    <span class="word" id="a.MTE1NzYxMDc2OTM4NDY1">ὄψιν</span>
    <span class="word" id="a.MjM2NjMyMjAzNDY2ODk=">καλὴ</span>
    <span class="word" id="a.MjUwMzUzNTY3NzI1NjYx">ἔδοξας,</span>
    <span class="word" id="a.NDAzMzMxOTcyMzQyNjk=">ἐπίφθονος</span>
    <span class="word" id="a.MjY3NTUwMTI4MzUxNzU=">οἴει</span>
    <span class="word" id="a.MjE1MDQ4MDIyNzM0NzU1">γεγονέναι;</span>
    <span class="word" id="a.MTQ3NTE0NTM2MTE2NDk=">καίτοι</span>
    <span class="word" id="a.MTU0ODc3NDMzNzMwNzcx">τί</span>
    <span class="word" id="a.MTYyOTg5MDUxMzIwOTcy">ἄλλο</span>
    <span class="word" id="a.MTU3NjQwMzIzMTkyNDQz">ἐν</span>
    <span class="word" id="a.MTU0Mzc0MDkyNTcwNjk2">σοὶ</span>
    <span class="word" id="a.MjM1MzkwMDYxNDQzNzAz">ἐπαινέσαι</span>
    <span class="word" id="a.NTAxMzcxMTcwMjAz">εἶχεν</span>
    <span class="word" id="a.MTg2MjUzODU1NjExNTkw">ἢ</span>
    <span class="word" id="a.MTEwMzU4NzczMjIxMTA=">τὸ</span>
    <span class="word" id="a.Mjc1MzA2OTAzNDc5MDgz">λευκὸν</span>
    <span class="word" id="a.MTUxNTQ5MjMwNTYxNzAz">μόνον;</span>
    <span class="word" id="a.MTU1MDE0NzkyNTU1MzE0">καὶ</span>
    <span class="word" id="a.MTI4NjM3NzI4MDg5ODIy">τοῦτο,</span>
    <span class="word" id="a.MTI2NTEyNDE3MjUwMDQy">οἶμαι,</span>
    <span class="word" id="a.MjQ5NDM2NTgxNzc4NDc5">ὅτι</span>
    <span class="word" id="a.NDM2MzMxNzA4NTI2MDE=">ξυνήθης</span>
    <span class="word" id="a.MjY2NjkzNTgwNDQ0NzU=">ἐστὶ</span>
    <span class="word" id="a.MjUzODgzOTI4NjA2Nzg5">τυρῷ</span>
    <span class="word" id="a.NTEyODUyMTI1OTA2OQ==">καὶ</span>
    <span class="word" id="a.OTY3OTcwMTU5MDU4OTg=">γάλακτι:</span>
    <span class="word" id="a.Mjc3NzMwNzg2ODU0ODQx">πάντα</span>
    <span class="word" id="a.OTI4MTk2MTM0Nzg2NTE=">οὖν</span>
    <span class="word" id="a.MTMzNjAyODMyMjE4MDI5">τὰ</span>
    <span class="word" id="a.MjE5ODA5MTUxMzQ2MjA4">ὅμοια</span>
    <span class="word" id="a.NjY3NzI0NDM2NTkyOQ==">τούτοις</span>
    <span class="word" id="a.MTg1NTMwNzk0Njc3Mjc5">ἡγεῖται</span>
    <span class="word" id="a.MTE0MjE2MjMyMTY2NjE4">καλά.</span>
    <span class="word" id="a.MTk5NjE5MjM3NTE1NTg4">ἐπεὶ</span>
    <span class="word" id="a.ODg2MjU5ODQ0NzE0ODE=">τά</span>
    <span class="word" id="a.MTI0MzQ3NTQ1MDExNzE=">γε</span>
    <span class="word" id="a.MjczMjg0NTExNjc1ODU2">ἄλλα</span>
    <span class="word" id="a.MTM3MzIzOTAzOTE3MTA0">ὁπόταν</span>
    <span class="word" id="a.MjM5ODkxNzYyODk2MjE=">ἐθελήσῃς</span>
    <span class="word" id="a.MTQyMjIzOTIxNjAzMDY5">μαθεῖν,</span>
    <span class="word" id="a.NzkwOTUzMDk4MzQxNzY=">οἵα</span>
    <span class="word" id="a.MjI4NTg3MjI2ODU2ODY4">τυγχάνεις</span>
    <span class="word" id="a.MzM4MDkzOTI5MzQ4NzI=">οὖσα</span>
    <span class="word" id="a.MzAzMTkwNTU0MTI0OTQ=">τὴν</span>
    <span class="word" id="a.NTI3MjAyNzc1ODI0ODc=">ὄψιν,</span>
    <span class="word" id="a.MjU1MDI0NjE0MDg5Njgw">ἀπὸ</span>
    <span class="word" id="a.NTA5MjExNjgxODczMjc=">πέτρας</span>
    <span class="word" id="a.MjI2OTEyMjY1NjA4MTg=">τινός,</span>
    <span class="word" id="a.MjE5MTAzOTY5NDc1ODQ=">εἴ</span>
    <span class="word" id="a.MTE1MzMzMzM3ODkxMzQ=">ποτε</span>
    <span class="word" id="a.NTI1MzQyMDUxMTAwMjk=">γαλήνη</span>
    <span class="word" id="a.MjA3Njg3NTE5MzM5NzYw">εἴη,</span>
    <span class="word" id="a.MzczNzM5Nzc3OTY3MjQ=">ἐπικύψασα</span>
    <span class="word" id="a.MTYyNjU5MjQ4OTk1OTE1">ἐς</span>
    <span class="word" id="a.NDY1MTQ0Mzc1Mzc5NDU=">τὸ</span>
    <span class="word" id="a.MjIyMTc3NTE2MzY3OTA=">ὕδωρ</span>
    <span class="word" id="a.MTI3ODQ1MzU1MzE2MDU0">ἰδὲ</span>
    <span class="word" id="a.MTY0NDI2MjM1MjgwODkw">σεαυτὴν</span>
    <span class="word" id="a.MjYzMTU1MDgwNjU0OTM2">οὐδὲν</span>
    <span class="word" id="a.MTE4NjYwODYyMDMyMDI2">ἄλλο</span>
    <span class="word" id="a.MTMyOTQ4NjE2MTA3ODU=">ἢ</span>
    <span class="word" id="a.OTE0NzE5NDczNjg3MTY=">χρόαν</span>
    <span class="word" id="a.MjQ4MjIzMTQ3MzU0Nzc1">λευκὴν</span>
    <span class="word" id="a.MjA1MTAxODcwMTk2NzA1">ἀκριβῶς:</span>
    <span class="word" id="a.ODc2NjUwMTY2OTI4NDU=">οὐκ</span>
    <span class="word" id="a.MTg2ODAyMzU5OTc2MjY4">ἐπαινεῖται</span>
    <span class="word" id="a.MjA4OTk2NTg1NzQ3NTgx">δὲ</span>
    <span class="word" id="a.MjA1MjMzNzM0OTExMDk2">τοῦτο,</span>
    <span class="word" id="a.MjI5MDkwMDQyMTc4MDk3">ἢν</span>
    <span class="word" id="a.NDkyNTM1MzczMDgxOTA=">μὴ</span>
    <span class="word" id="a.MTU4NzE3ODA2ODc2MjEy">ἐπιπρέπῃ</span>
    <span class="word" id="a.MTUzNjcyODQzOTc2OTcz">αὐτῷ</span>
    <span class="word" id="a.MTE1NTI3MTQwOTQyMTcw">καὶ</span>
    <span class="word" id="a.NzkwMTcwOTQxMzA4NzM=">τὸ</span>
    <span class="word" id="a.MjQ4MjI5MDc2MzMwMzc1">ἐρύθημα.</span>
  </p>
  <h5 style="text-align: center;">
    <span class="word" id="a.ODkyODQzNzYwNzQ5Mjk=">ΓΑΛΑΤΕΙΑ</span>
  </h5>
  <p>
    <span class="word" id="a.MjczNDE2NjMzMDQzNTk=">καὶ</span>
    <span class="word" id="a.MTc3NjUyNDM4NzIwMDc5">μὴν</span>
    <span class="word" id="a.MTE0MTIxMjUwNjU5MjY5">ἐγὼ</span>
    <span class="word" id="a.MzczMjMzMTY1NDM4NDc=">μὲν</span>
    <span class="word" id="a.OTI0ODEyNjI1ODE3MDc=">ἡ</span>
    <span class="word" id="a.Mjk5NzY3ODA2NTMxNTU=">ἀκράτως</span>
    <span class="word" id="a.MjU3MDMyMzAwNzAyMTE1">λευκὴ</span>
    <span class="word" id="a.MTQ0MTAzNTI0MDI1Nzg2">ὅμως</span>
    <span class="word" id="a.MjcyMjU3NzI5NTM4MjM3">ἐραστὴν</span>
    <span class="word" id="a.MjU4NTE1ODc1MDk1MTE0">ἔχω</span>
    <span class="word" id="a.MjM5MjYxMTMxNTYxNjY1">κἂν</span>
    <span class="word" id="a.NDc2OTY3MDI1Njk4MDg=">τοῦτον,</span>
    <span class="word" id="a.MTg3OTg2NjM2NTI4MzMx">ὑμῶν</span>
    <span class="word" id="a.MTg0MTI5MTgwMDM5NjM5">δὲ</span>
    <span class="word" id="a.NjgwMDEyMTc1Nzc0Njk=">οὐκ</span>
    <span class="word" id="a.MjY5ODMzMjk0NTU1NzQ2">ἔστιν</span>
    <span class="word" id="a.MjAyMzA0MDM0NzIzMjk0">ἥντινα</span>
    <span class="word" id="a.MTkwMjI2NjM4MzU1OTYy">ἢ</span>
    <span class="word" id="a.NjkxNzg4NjAxMzM5Nw==">ποιμὴν</span>
    <span class="word" id="a.MjkxMzk2ODM3MjE1OTE=">ἢ</span>
    <span class="word" id="a.MjM4ODA3ODY1ODExMDg2">ναύτης</span>
    <span class="word" id="a.MjI0OTk5ODgyOTk1MjQw">ἢ</span>
    <span class="word" id="a.MjM1MTQyMDIxNzk1Mzk1">πορθμεὺς</span>
    <span class="word" id="a.MTMzMzYzMTc4MDM0MTQ2">ἐπαινεῖ:</span>
    <span class="word" id="a.MTY3NDIwMDI1NDcwMjQ=">ὁ</span>
    <span class="word" id="a.MjA4NzU0MTcyMTM0Njkx">δέ</span>
    <span class="word" id="a.NzI0NDE3MzYwMzA3MzQ=">γε</span>
    <span class="word" id="a.Mjc4OTIyNzIzOTYzNTcy">Πολύφημος</span>
    <span class="word" id="a.Mjk3MDQzNzc1OTk2MTQ=">τό</span>
    <span class="word" id="a.Mjc0OTAxMjk2MTg1MTU=">τε</span>
    <span class="word" id="a.MjE5Nzg5MTIyODIyNDM2">ἄλλα</span>
    <span class="word" id="a.MjkzNDI5MjQ0MjI3MDQ=">καὶ</span>
    <span class="word" id="a.MTIzNjQwMDgyOTIwMTE5">μουσικός</span>
    <span class="word" id="a.NjY3NzExMDI5MTc1MDk=">ἐστι.</span>
  </p>
  <h5 style="text-align: center;">
    <span class="word" id="a.MjA4MTc5ODczNjA2Nzc=">ΔΩΡΙΣ</span>
  </h5>
  <p>
    <span class="word" id="a.MTUzMzc4NDE2NDU3NjA3">σιώπα,</span>
    <span class="word" id="a.MjUyNjU5NjQzMzAyODQ3">ὦ</span>
    <span class="word" id="a.NjcwMDA2Nzk2NTU4Mjg=">Γαλάτεια:</span>
    <span class="word" id="a.MjI1Nzc5ODU1NTAwMzg3">ἠκούσαμεν</span>
    <span class="word" id="a.NDI0NjcwMjA2MDkxMTU=">αὐτοῦ</span>
    <span class="word" id="a.MTgzNzc4NDE2MjIzNzIz">ᾄδοντος</span>
    <span class="word" id="a.MjE2Mjc0MTc1NzgzMzIw">ὁπότε</span>
    <span class="word" id="a.NjIyOTE4OTAyODQ1ODM=">ἐκώμασε</span>
    <span class="word" id="a.MTIzOTE2ODEwOTczNzA2">πρῴην</span>
    <span class="word" id="a.NDY3MjE4NDM0NDUyMjE=">ἐπὶ</span>
    <span class="word" id="a.MjI2MTA0NzQ3MDI3NDkz">σέ:</span>
    <span class="word" id="a.MTc3MjU2NDA5MjI4NjE3">Ἀφροδίτη</span>
    <span class="word" id="a.NTU0OTk2NTM4Njc4ODM=">φίλη,</span>
    <span class="word" id="a.MTg5NTExNTMzMTMzOTY4">ὄνον</span>
    <span class="word" id="a.MjMwMzQzNDY2NzE5NjI2">ἄν</span>
    <span class="word" id="a.MjI0MTMwMDY2OTk3ODc4">τις</span>
    <span class="word" id="a.MTgxMjI2OTYzNDg0MTQ3">ὀγκᾶσθαι</span>
    <span class="word" id="a.NTg3OTU2NjA3NDEyNzU=">ἔδοξε.</span>
    <span class="word" id="a.Njk5MDU2MDk0ODE5MTY=">καὶ</span>
    <span class="word" id="a.MTU0Njg5MzU0Mzc5Nzk5">αὐτὴ</span>
    <span class="word" id="a.MjI5MzgyNzQ0Mjc2MDI0">δὲ</span>
    <span class="word" id="a.MTUxOTY1MzI5NTM0MzUx">ἡ</span>
    <span class="word" id="a.MjA3NDA2NTA5NDczMDAw">πηκτὶς</span>
    <span class="word" id="a.MjgxMzYxMzQwNTcxODk0">οἵα;</span>
    <span class="word" id="a.MjMwMTI3NTE1NjA4ODI4">κρανίον</span>
    <span class="word" id="a.MjcwMzIxMTYzNjE0OTI=">ἐλάφου</span>
    <span class="word" id="a.MjEyOTk0NDY4NDIxMjIw">γυμνὸν</span>
    <span class="word" id="a.MjgwNDEyMjg5MTEzNzQ1">τῶν</span>
    <span class="word" id="a.MTkwNTE3Njk4MDc3MjIx">σαρκῶν,</span>
    <span class="word" id="a.MjU2Nzk2NDAwMjAwMzE4">καὶ</span>
    <span class="word" id="a.MTA4ODk1NTEyMzM1ODA1">τὰ</span>
    <span class="word" id="a.MjQxNDMyNzc4NjUwNTE5">μὲν</span>
    <span class="word" id="a.MTI5ODMxMjgzMTkxMjQx">κέρατα</span>
    <span class="word" id="a.NDE4MjU4OTA4OTk0MDE=">πήχεις</span>
    <span class="word" id="a.MTExMjQ3MTQ2OTY1NDAz">ὥσπερ</span>
    <span class="word" id="a.MjU4MjY5OTI3NTU3NTY4">ἦσαν,</span>
    <span class="word" id="a.MTM5NTcxMzUxNzIwOTQ0">ζυγώσας</span>
    <span class="word" id="a.MTI3MjYyMDA0MTU1MjYz">δὲ</span>
    <span class="word" id="a.MjQ1ODU2NjQ1ODA3Mzc3">αὐτὰ</span>
    <span class="word" id="a.NjA1NDgyNjE3MzUwNzk=">καὶ</span>
    <span class="word" id="a.MTMxMzgzMTk3NDE2NzU4">ἐνάψας</span>
    <span class="word" id="a.MjAzNzMwMDg5ODA3MDI4">τὰ</span>
    <span class="word" id="a.NzU4NjY1MzUyNjU2Ng==">νεῦρα,</span>
    <span class="word" id="a.MTU2MTgxMzg3NzgzMTk3">οὐδὲ</span>
    <span class="word" id="a.MzExMzk0ODQ4NjIxOTY=">κόλλοπι</span>
    <span class="word" id="a.MTU5ODUzNzkwNTE4ODky">περιστρέψας,</span>
    <span class="word" id="a.MTg4MDQ0MzUzNjc3MTAx">ἐμελῴδει</span>
    <span class="word" id="a.NDc4NTI3NzAyNDg2MzE=">ἄμουσόν</span>
    <span class="word" id="a.MTEzOTQ2ODEyMzM5NTY2">τι</span>
    <span class="word" id="a.MTU2NzIxOTQ3ODA0Mjcx">καὶ</span>
    <span class="word" id="a.MTkwODc1NzM2ODY0Nzgz">ἀπῳδόν,</span>
    <span class="word" id="a.OTcxMTAxMDQzNzUxMjc=">ἄλλο</span>
    <span class="word" id="a.NDg1ODU0OTg5MDQwNjA=">μὲν</span>
    <span class="word" id="a.MTMyNzQ4ODM3MjYyNjM1">αὐτὸς</span>
    <span class="word" id="a.MzUxODA0ODA2ODI4Nzk=">βοῶν,</span>
    <span class="word" id="a.MTgzNzAxODEwMDA5MDY1">ἄλλο</span>
    <span class="word" id="a.MjUyNzEzOTE1MDgyMTQy">δὲ</span>
    <span class="word" id="a.MTEwODUyMDQ4MzcwOTk1">ἡ</span>
    <span class="word" id="a.MjAwOTczMDYyNzAwNDAz">λύρα</span>
    <span class="word" id="a.MTYzOTg0MTQyODY1NzUx">ὑπήχει,</span>
    <span class="word" id="a.MjYzOTQxNjQ3NTc4NDMz">ὥστε</span>
    <span class="word" id="a.MjM0NDEwMDI3MzI3Mjcx">οὐδὲ</span>
    <span class="word" id="a.NTA2MTQxODk3MDEyMDQ=">κατέχειν</span>
    <span class="word" id="a.MTAzNDk5NTIxODAzMTgw">τὸν</span>
    <span class="word" id="a.MTgyNjEwOTAxOTUzMjUy">γέλωτα</span>
    <span class="word" id="a.NDIxNDE2NTk1MDE3Njg=">ἐδυνάμεθα</span>
    <span class="word" id="a.MjU5NTIzMzYxMDc0MjI3">ἐπὶ</span>
    <span class="word" id="a.MTAyNjAxMTUxNTE3MzY0">τῷ</span>
    <span class="word" id="a.MTk0NzA2ODQ4NDI3Njg3">ἐρωτικῷ</span>
    <span class="word" id="a.MTM3Mzk1NzEzNjY2NjE3">ἐκείνῳ</span>
    <span class="word" id="a.MTYzMTUzNDE0Mzg0MjIx">ᾄσματι:</span>
    <span class="word" id="a.MjE5NjU0OTQ5ODI4MDQ2">ἡ</span>
    <span class="word" id="a.MjAxNzUxMjc0MjkwODQ=">μὲν</span>
    <span class="word" id="a.MTU4NjUxOTM5Mjc1OTA0">γὰρ</span>
    <span class="word" id="a.MTU0MDYzMzg2NTQwMDcz">Ἠχὼ</span>
    <span class="word" id="a.NjU2Njc0MTAzMjk5">οὐδὲ</span>
    <span class="word" id="a.MjMzMjU3MTM1NzgyNTc5">ἀποκρίνεσθαι</span>
    <span class="word" id="a.MTkzNDEyNjIyNjYzNDcx">αὐτῷ</span>
    <span class="word" id="a.MTk5NjI1NzI1OTcxNDUz">ἤθελεν</span>
    <span class="word" id="a.MTk0OTgxOTU0NjM5MDI=">οὕτω</span>
    <span class="word" id="a.MjQ3NzU4OTMxOTA4OTEy">λάλος</span>
    <span class="word" id="a.MjcyNDk5NTEzMDUzMTAw">οὖσα</span>
    <span class="word" id="a.MjIyMjczMTU5MDUxMDU4">βρυχωμένῳ,</span>
    <span class="word" id="a.MTM1Mjg5MzEwNjY4MzIy">ἀλλ᾽</span>
    <span class="word" id="a.MTQwMDEwMzg4NTUxNzMy">ᾐσχύνετο,</span>
    <span class="word" id="a.NjA1MjEyNDk1Nzk4OTk=">εἰ</span>
    <span class="word" id="a.MTU1MzY2MzcyMjQ2NzM=">φανείη</span>
    <span class="word" id="a.MjU0NDk3MTY3MjM2OTEy">μιμουμένη</span>
    <span class="word" id="a.NjMyNjU0NDUyNTI0NTA=">τραχεῖαν</span>
    <span class="word" id="a.MjA5OTA2ODg2ODA1MTY2">ᾠδὴν</span>
    <span class="word" id="a.ODMwMTgzNDMwMDQwNjQ=">καὶ</span>
    <span class="word" id="a.MjY0ODgyMTA2OTQyNjMy">καταγέλαστον.</span>
    <span class="word" id="a.NzQ1NDg3NzA3NTAwNDM=">ἔφερε</span>
    <span class="word" id="a.MjgwNjMzMDk2OTY3Mzk=">δὲ</span>
    <span class="word" id="a.NTgyMTcxNTE4MTQ1OTE=">ὁ</span>
    <span class="word" id="a.MTI2MzM3MDk0NTQ4OTIw">ἐπέραστος</span>
    <span class="word" id="a.MjY2OTc2ODM1NzU4ODAx">ἐν</span>
    <span class="word" id="a.NDg0OTU3MzA1ODkxOTE=">ταῖς</span>
    <span class="word" id="a.MjYwMzYxMzc4MjQzNzQ2">ἀγκάλαις</span>
    <span class="word" id="a.MjQxMzEyOTI2MDMwMTc=">ἀθυρμάτιον</span>
    <span class="word" id="a.Mzk3NTY0ODEzOTMwNDA=">ἄρκτου</span>
    <span class="word" id="a.MjcwOTAxODQ0MDkzMTEz">σκύλακα</span>
    <span class="word" id="a.NjU2NDU0MTI2OTEzNTM=">τὸ</span>
    <span class="word" id="a.MjY2MTc3ODg1ODU3MjY0">λάσιον</span>
    <span class="word" id="a.MjczODYwNTU5MTczOTU=">αὐτῷ</span>
    <span class="word" id="a.MTE5NTU4NjY1MjI2MDAw">προσεοικότα.</span>
    <span class="word" id="a.MTMwODg0MjM0Mjg1MzE0">τίς</span>
    <span class="word" id="a.MjQzNDk0OTY3NjQ1MjQ0">οὖν</span>
    <span class="word" id="a.MjUxOTM5MDA1NjM5MjU5">οὐκ</span>
    <span class="word" id="a.NzI2NzkzOTEwMjM1NDE=">ἂν</span>
    <span class="word" id="a.MjMyMjAzMDA3OTMwMzAz">φθονήσειέ</span>
    <span class="word" id="a.Nzc0NjU2MDMxMTA3MjY=">σοι,</span>
    <span class="word" id="a.MjU5NzE1MjQ5MTA2MTcw">ὦ</span>
    <span class="word" id="a.MjEwNTkzMTUzODExMjkw">Γαλάτεια,</span>
    <span class="word" id="a.NDQ5NjgzMTk5MzU5NTE=">τοιούτου</span>
    <span class="word" id="a.MTY4NTM2NjE5ODI5MjQ4">ἐραστοῦ;</span>
  </p>
  <h5 style="text-align: center;">
    <span class="word" id="a.NzU0MzIzNTAyMzUyNg==">ΓΑΛΑΤΕΙΑ</span>
  </h5>
  <p>
    <span class="word" id="a.MjA3MDYzNDUwMTY3Njc2">οὐκοῦν</span>
    <span class="word" id="a.MTg3NDY4Nzc2MTY4MA==">σύ,</span>
    <span class="word" id="a.MTY3MjA2NzE4NjQxNjM2">Δωρί,</span>
    <span class="word" id="a.NjYyNTczNTQxMzAyNjQ=">δεῖξον</span>
    <span class="word" id="a.MTUwNzMwMzQ1MDQwMjM0">ἡμῖν</span>
    <span class="word" id="a.Mzc0MTYwMjc3NzU4Mjk=">τὸν</span>
    <span class="word" id="a.MjgwNTQ4MjAxNzc2MDI1">σεαυτῆς,</span>
    <span class="word" id="a.MjIwNTk0ODg2ODkyNTI2">καλλίω</span>
    <span class="word" id="a.MTYyOTMyNTQ5Mjg3NDAx">δῆλον</span>
    <span class="word" id="a.ODYzMjU5ODI1MDU4NDA=">ὅτι</span>
    <span class="word" id="a.MjAyNzczMjg5MzgwNTMx">ὄντα</span>
    <span class="word" id="a.MzExMjU4ODk2Nzc5NzE=">καὶ</span>
    <span class="word" id="a.NDQwMTMzNzUzMDIyOTc=">ᾠδικώτερον</span>
    <span class="word" id="a.ODQ0ODQ5MjQ3ODc2NjE=">καὶ</span>
    <span class="word" id="a.MjUyMTI2NjEwMzM4Njkz">κιθαρίζειν</span>
    <span class="word" id="a.Mzk1MDM4Nzg5MDY3Mzc=">ἄμεινον</span>
    <span class="word" id="a.MTU0MjYzODQzNTUxMzE1">ἐπιστάμενον.</span>
  </p>
  <h5 style="text-align: center;">
    <span class="word" id="a.MTQ1NTM3NzkyODk4NDgw">ΔΩΡΙΣ</span>
  </h5>
  <p>
    <span class="word" id="a.MTAyNDcxODcwOTg1MTI4">ἀλλ᾽</span>
    <span class="word" id="a.NzE1MjAwOTEzMzc4OTc=">ἐραστὴς</span>
    <span class="word" id="a.NjE4NTg4NzYzMjAzNjQ=">μὲν</span>
    <span class="word" id="a.MTI4ODg4NjAzNzU1MzE0">οὐδεὶς</span>
    <span class="word" id="a.NTc3MTA5NDkzNTUxMDk=">ἔστι</span>
    <span class="word" id="a.OTE2MzIwOTIxNzM0NzM=">μοι</span>
    <span class="word" id="a.NjI1OTUyMzE4OTU3MDM=">οὐδὲ</span>
    <span class="word" id="a.MjE0MTk3NjMwOTUyOTE5">σεμνύνομαι</span>
    <span class="word" id="a.Mjk1NDg4MTMwNjE5Mzk=">ἐπέραστος</span>
    <span class="word" id="a.ODQyNTEzNTQzNzgzMjU=">εἶναι:</span>
    <span class="word" id="a.MTc0MDA1MjQ3NjY3ODA3">τοιοῦτος</span>
    <span class="word" id="a.MTAzMTYwNzk5MzYxNjky">δὲ</span>
    <span class="word" id="a.NzQ3OTczODg4OTczMDg=">οἷος</span>
    <span class="word" id="a.MTU5MjAxMTg3NzI4OTg5">ὁ</span>
    <span class="word" id="a.MTEyMDE4ODE3MzUxODI4">Κύκλωψ</span>
    <span class="word" id="a.MjIzMTEwMTA3OTE0NjAz">ἐστί,</span>
    <span class="word" id="a.MTY5NzY4OTU3NjYxMjQ3">κινάβρας</span>
    <span class="word" id="a.MjA5MzkyNjY4MTQwMTE=">ἀπόζων</span>
    <span class="word" id="a.MTQyNjYwNTY0MDUzMjU0">ὥσπερ</span>
    <span class="word" id="a.MTEyMjE2NTgzMjcyNjYy">τράγος,</span>
    <span class="word" id="a.NjM3NzU0ODM0NDE4ODI=">ὠμοφάγος,</span>
    <span class="word" id="a.MjUxODA3ODc1Mjg5MTU0">ὥς</span>
    <span class="word" id="a.MTEyODc3MDYxNjcwNDQ0">φασι,</span>
    <span class="word" id="a.MjMzNzYyMjI5NTQwMDc4">καὶ</span>
    <span class="word" id="a.OTE4MzI0NjQzNDQ1MjU=">σιτούμενος</span>
    <span class="word" id="a.MTgzMDc4NzM5NDk3NDI5">τοὺς</span>
    <span class="word" id="a.MTgwNDUxNzA5NDAwODE2">ἐπιδημοῦντας</span>
    <span class="word" id="a.MjU2NjA4NTU5OTcyMjg2">τῶν</span>
    <span class="word" id="a.MjU5NTMwNjEwMjUzNTY=">ξένων,</span>
    <span class="word" id="a.MjAzODQ3NTI4ODIxMjQz">σοὶ</span>
    <span class="word" id="a.MTYwMjkxNjMwNDU0MTk=">γένοιτο</span>
    <span class="word" id="a.MTU4MTE3NTE4NDEwMTY4">καὶ</span>
    <span class="word" id="a.MjEwMDU3MTg1NDg1MDky">σὺ</span>
    <span class="word" id="a.OTgyMjM0ODY4Mjg2MTQ=">ἀντερῴης</span>
    <span class="word" id="a.MTE2MjE4MTgwODAxNDg1">αὐτοῦ.</span>
  </p>
</section>
