<section class="sc-level-2" style="margin-top: 1em;">
  <h4 id="doris-galatea">
    <span class="word" id="a.Mjg0MzEwODY5MTYxMTU=">ΔΩΡΙΔΟΣ</span>
    <span class="word" id="a.MTE5MDE5MDI5NzMyMjEy">ΚΑΙ</span>
    <span class="word" id="a.MjE1MDIzMDUzMzkxMjcy">ΓΑΛΑΤΕΙΑΣ</span>
  </h4>
  <h5 style="text-align: center;">
    <span class="word" id="a.MTU3NTg5MzIwNTc2MDY=">ΔΩΡΙΣ</span>
  </h5>
  <p>
    <span class="word" id="a.ODM3MDA5ODU1NTI4MDQ=">Καλὸν</span>
    <span class="word" id="a.MTc5ODMzMTA3MDY5MDgw">ἐραστήν,</span>
    <span class="word" id="a.MTgzODEzMjQ2MDYyMDM0">ὦ</span>
    <span class="word" id="a.MjU0MjE5MTE2NTQyMTUx">Γαλάτεια,</span>
    <span class="word" id="a.NTA4NjI0MTYwOTk2MjI=">τὸν</span>
    <span class="word" id="a.NDkyMTc2NDg1MzI5MjA=">Σικελὸν</span>
    <span class="word" id="a.NTM4NTc5NDA5NzkxMzM=">τοῦτον</span>
    <span class="word" id="a.MjYxNzE4NjU3MjM2MTc2">ποιμένα</span>
    <span class="word" id="a.MjE2MDM3ODY2Mzc4MDcw">φασὶν</span>
    <span class="word" id="a.MTc0ODcwNjg5Mjg1NTg3">ἐπιμεμηνέναι</span>
    <span class="word" id="a.MjEyOTE5ODA2MTU2MzYz">σοί.</span>
  </p>
  <h5 style="text-align: center;">
    <span class="word" id="a.MjA0MzEzNTM3MzI5NDgy">ΓΑΛΑΤΕΙΑ</span>
  </h5>
  <p>
    <span class="word" id="a.NTI3MjkzNTc5NzU2NDk=">Μὴ</span>
    <span class="word" id="a.MjgxNzY2OTc0NzA0Njg=">σκῶπτε,</span>
    <span class="word" id="a.NzQyNDMyNjU0NTAzMTA=">Δωρί:</span>
    <span class="word" id="a.OTU4NTgzNjQwMjI2Nw==">Ποσειδῶνος</span>
    <span class="word" id="a.MjU1NzkzODYzMzcyMTEx">γὰρ</span>
    <span class="word" id="a.MTg0MjkzNTM1NjM0OTYy">υἱός</span>
    <span class="word" id="a.MTQ3MjE0MzUzOTkwMDQw">ἐστιν,</span>
    <span class="word" id="a.MjExNzAyMDQxMTQzMzcx">ὁποῖος</span>
    <span class="word" id="a.MTU0NTE1MjgxOTg2MDkx">ἂν</span>
    <span class="word" id="a.MjE3OTI4MDg0NjQ2MTE5">ᾖ.</span>
  </p>
  <h5 style="text-align: center;">
    <span class="word" id="a.OTk2MDk5OTM4ODA4NTU=">ΔΩΡΙΣ</span>
  </h5>
  <p>
    <span class="word" id="a.OTI1NTYyOTc5MTg4ODQ=">Τί</span>
    <span class="word" id="a.MTQ4MDQwNzYzNTQyMDUx">οὖν;</span>
    <span class="word" id="a.MjYzMzIzNDE5MTYzNTgx">εἰ</span>
    <span class="word" id="a.MTMzODY0MjA1NDg2MTc4">καὶ</span>
    <span class="word" id="a.MTQwNDgxOTg5NTk1OTY3">τοῦ</span>
    <span class="word" id="a.MTU1NzgyOTkxODI3NDY5">Διὸς</span>
    <span class="word" id="a.NzU1NDc3MTQ1NTA4Ng==">αὐτοῦ</span>
    <span class="word" id="a.NTg2MzcyMjQ4OTI3MjI=">παῖς</span>
    <span class="word" id="a.Njg2MDQwMzQxNzIxMjk=">ὢν</span>
    <span class="word" id="a.MjU1MjAxODA5MzYwNjI=">ἄγριος</span>
    <span class="word" id="a.MjU1NTk1NDIwMzgxMTU0">οὕτως</span>
    <span class="word" id="a.ODA3MTc2MzEzODQ3NjY=">καὶ</span>
    <span class="word" id="a.MjE1OTkxMjIwMjcwNzYz">λάσιος</span>
    <span class="word" id="a.MjcwODQzODc5NjE0Mg==">ἐφαίνετο</span>
    <span class="word" id="a.MTcwMjY0NTE5NzQxNDc3">καί,</span>
    <span class="word" id="a.MTk2MTU2MDg3MjgyNzg1">τὸ</span>
    <span class="word" id="a.MjMyNjY1NDExMDUyNjI4">πάντων</span>
    <span class="word" id="a.MjUwNDI0NDEyMTk0MDE=">ἀμορφότατον,</span>
    <span class="word" id="a.MTAxMjI4MDYwNDI1MzMw">μονόφθαλμος,</span>
    <span class="word" id="a.OTk3Mjc0NzE5NDU1MzI=">οἴει</span>
    <span class="word" id="a.MTkwMTY5NTE1MjY2NjQ2">τὸ</span>
    <span class="word" id="a.MjQ4NjA4MTY0ODkwMjk1">γένος</span>
    <span class="word" id="a.NDAyOTMwNDg5NzIwOTQ=">ἄν</span>
    <span class="word" id="a.NzMyODc5ODUyODI1MDU=">τι</span>
    <span class="word" id="a.NjkzNjc0MDI0ODgxMzI=">ὀνῆσαι</span>
    <span class="word" id="a.MTM0ODI3MTAzNzc5OTE2">αὐτὸν</span>
    <span class="word" id="a.MjU3NDkyNzAwMTk2NTAy">πρὸς</span>
    <span class="word" id="a.MTAxODU1NDE1OTQ5OTE2">τὴν</span>
    <span class="word" id="a.MjQwODA1NzQzNjk1MDQ5">μορφήν;</span>
  </p>
  <h5 style="text-align: center;">
    <span class="word" id="a.NTYwNDYzMDg0NTc0Njc=">ΓΑΛΑΤΕΙΑ</span>
  </h5>
  <p>
    <span class="word" id="a.OTczNjk0NzQyODc5MTc=">οὐδὲ</span>
    <span class="word" id="a.Mzc1MDQ4Nzc1ODg3MzU=">τὸ</span>
    <span class="word" id="a.MjU1MTMxNDU2MTk5NTc2">λάσιον</span>
    <span class="word" id="a.MjQ0Njg3MjY0NjA1NTAz">αὐτοῦ</span>
    <span class="word" id="a.MjMwNzMyNDkwODQxMDU=">καί,</span>
    <span class="word" id="a.MjEzNzg5MDk0OTAzMDE2">ὡς</span>
    <span class="word" id="a.MTYwMTQyMzM0MTYzMjA4">φής,</span>
    <span class="word" id="a.MjY2ODQ0OTYzMjc0NTcz">ἄγριον</span>
    <span class="word" id="a.MjA5MDgyMTMzMjY1NTEz">ἄμορφόν</span>
    <span class="word" id="a.MTI3MjUxMjc2Mjc1NjM2">ἐστιν</span>
    <span class="word" id="a.NzcxMDY1MDUyNjYzMzE=">(ἀνδρῶδες</span>
    <span class="word" id="a.MjcwNDI0NzcwNTA5NjEw">γάρ),</span>
    <span class="word" id="a.MzIwNTk3OTY2NDI3MzQ=">ὅ</span>
    <span class="word" id="a.OTIxMDA3MjA1Nzk5MjQ=">τε</span>
    <span class="word" id="a.OTAzNzIwNjg5MjA4MjM=">ὀφθαλμὸς</span>
    <span class="word" id="a.MTQ4OTgxMTk4NzMzNDMy">ἐπιπρέπει</span>
    <span class="word" id="a.NjU4MDI0ODU4NjI2OTU=">τῷ</span>
    <span class="word" id="a.NjA3NTQxODU5NDU1Nzg=">μετώπῳ</span>
    <span class="word" id="a.MTg2MTI1MDkyMTYwNTQ4">οὐδὲν</span>
    <span class="word" id="a.NjQ4MTI2NjY0ODMwMjQ=">ἐνδεέστερον</span>
    <span class="word" id="a.ODgzNjE5MDMzNDA2MzA=">ὁρῶν</span>
    <span class="word" id="a.Mjc4NTMwMjcwMzM0OTQy">ἢ</span>
    <span class="word" id="a.OTQwODc2NzI3Mjg5NzU=">εἰ</span>
    <span class="word" id="a.MTY5NzMzMDEwOTkwMjAy">δύ᾽</span>
    <span class="word" id="a.MTkwNDM0NDY2Njg5OTUw">ἦσαν.</span>
  </p>
  <h5 style="text-align: center;">
    <span class="word" id="a.MTcxNzk2ODE3NTUwMTk3">ΔΩΡΙΣ</span>
  </h5>
  <p>
    <span class="word" id="a.MTI2NDYwMTc1NzcwMjU=">ἔοικας,</span>
    <span class="word" id="a.MTM1NTA3MzgxNzA1NzIz">ὦ</span>
    <span class="word" id="a.MjU1NDcyODMwOTY0MTQ0">Γαλάτεια,</span>
    <span class="word" id="a.MTM1MzI1NDc5OTMxNTQ5">οὐκ</span>
    <span class="word" id="a.ODE5OTE0Nzk1MzQ2NDU=">ἐραστὴν</span>
    <span class="word" id="a.MTAxODc2MTAyNzg3MTY1">ἀλλ᾽</span>
    <span class="word" id="a.MTU4NDg2OTEwNDQ1NDEx">ἐρώμενον</span>
    <span class="word" id="a.MTI4MzU1NjAyODMwODU4">ἔχειν</span>
    <span class="word" id="a.MjAyNDgyOTExMjIyNzg3">τὸν</span>
    <span class="word" id="a.MjY0MzcyMTcyMTk0Njk0">Πολύφημον,</span>
    <span class="word" id="a.MjIwMDg5MjEzNzM1NjA3">οἷα</span>
    <span class="word" id="a.MTU0MjE3MjY4NTU3NzU5">ἐπαινεῖς</span>
    <span class="word" id="a.MTE2MDU3NjcwMzEyODAw">αὐτόν.</span>
  </p>
  <h5 style="text-align: center;">
    <span class="word" id="a.MTY4MzM4Nzg3NDcwOTQ0">ΓΑΛΑΤΕΙΑ</span>
  </h5>
  <p>
    <span class="word" id="a.MTUwNDAyMjcyMDUwNDY1">οὐκ</span>
    <span class="word" id="a.OTY4MTQ5NjcyOTkxNTg=">ἐρώμενον,</span>
    <span class="word" id="a.MTkzMDM3OTA1ODk4NTAw">ἀλλὰ</span>
    <span class="word" id="a.NzczOTIwNjE3MzQ1OTM=">τὸ</span>
    <span class="word" id="a.MjMxNDc0MTQ3NzE2MTM3">πάνυ</span>
    <span class="word" id="a.MjU2NzIyNjIxNTEyODA1">ὀνειδιστικὸν</span>
    <span class="word" id="a.MTQyMzg0MjMwMDcwOTYy">τοῦτο</span>
    <span class="word" id="a.MTY4MTY3NzYxNDU4MDQ2">οὐ</span>
    <span class="word" id="a.MjA2MDAxMjk5NDYwNTgw">φέρω</span>
    <span class="word" id="a.MTcyNTQ2ODE3NDIyNTA5">ὑμῶν,</span>
    <span class="word" id="a.MTQwMzk5NDY2NDY3NjE0">καί</span>
    <span class="word" id="a.ODEzNjA4MjUyNTU1Nzg=">μοι</span>
    <span class="word" id="a.MjYzNDY4NjYyMDk5Mzcw">δοκεῖτε</span>
    <span class="word" id="a.MTE4NDQ2MTY0MjQ0NTA3">ὑπὸ</span>
    <span class="word" id="a.MjI0MTIwNzQ0OTkyODMz">φθόνου</span>
    <span class="word" id="a.NTkxMjUwMzY5MTMwMTQ=">αὐτὸ</span>
    <span class="word" id="a.MTcyOTk5MzAxOTUwNTY0">ποιεῖν,</span>
    <span class="word" id="a.NzM0OTYyMDI1NzQyNjU=">ὅτι</span>
    <span class="word" id="a.MjA1NDAyMjQwNDUzMjYx">ποιμαίνων</span>
    <span class="word" id="a.NTcyNzkyODM2NjIxNTE=">ποτὲ</span>
    <span class="word" id="a.MTY3OTA3MzE1NzI1Mjgx">ἀπὸ</span>
    <span class="word" id="a.MjUxNTUzMDU2MzYzMTIw">τῆς</span>
    <span class="word" id="a.MTgyMzQ4NzMxNzI2MjE3">σκοπῆς</span>
    <span class="word" id="a.NjE4ODQ1NDI2NTYxMTg=">παιζούσας</span>
    <span class="word" id="a.MTMyMDQxOTY3Mjc4MTI1">ἡμᾶς</span>
    <span class="word" id="a.MjU5NDYyOTQwMzY4ODI4">ἰδὼν</span>
    <span class="word" id="a.MjIwNDQ0NzA4OTg5OTMy">ἐπὶ</span>
    <span class="word" id="a.MTQ2MzgwMTYyNjc2MDc0">τῆς</span>
    <span class="word" id="a.MjI2OTc1NTg2NDc1NTUx">ᾐόνος</span>
    <span class="word" id="a.MjYzMDQxNTM0OTE0MzE5">ἐν</span>
    <span class="word" id="a.MTEwOTgzMTMwMzM4MDUx">τοῖς</span>
    <span class="word" id="a.MjUwNDk2NjgzNzkyOTQ4">πρόποσι</span>
    <span class="word" id="a.MTE1Njc4MDM3MjgyOTUz">τῆς</span>
    <span class="word" id="a.MjY0Mzc5MTc2MDMyNTYy">Αἴτνης,</span>
    <span class="word" id="a.MTMxNDU3MjU3MDg2NTA2">καθ᾽</span>
    <span class="word" id="a.MTE1MTUzMzA0NjM1NTQ0">ὃ</span>
    <span class="word" id="a.MTE1NTI1OTk4MDI0NzIz">μεταξὺ</span>
    <span class="word" id="a.MjIyNjA4MDkxMTY4ODI0">τοῦ</span>
    <span class="word" id="a.NjA3NDQ0Mzg0OTI1Nw==">ὄρους</span>
    <span class="word" id="a.MjI0NDE2NTQ0NjcwNDUw">καὶ</span>
    <span class="word" id="a.MjE0Njk4NTgwMjM4MDQ1">τῆς</span>
    <span class="word" id="a.MTU1MDIyMDI2NTg5OTYx">θαλάττης</span>
    <span class="word" id="a.MTgyNzY3MDIxNjcxMzY5">αἰγιαλὸς</span>
    <span class="word" id="a.MTc1MjYxNzIwNjkwNzY5">ἀπομηκύνεται,</span>
    <span class="word" id="a.MjQ2MDYxNjgxNzE4Nzg3">ὑμᾶς</span>
    <span class="word" id="a.MTc2MzAzMDg5NTA1NTg1">μὲν</span>
    <span class="word" id="a.MjMzMjI3ODk0NjIyOTc1">οὐδὲ</span>
    <span class="word" id="a.MTYzNjA0MzM3MjU1Njcx">προσέβλεψεν,</span>
    <span class="word" id="a.MjY5NTE2OTM2MDQwMDk3">ἐγὼ</span>
    <span class="word" id="a.MTI2MjAxNDAzMDI4NDU3">δὲ</span>
    <span class="word" id="a.MTQ5ODk0MzI1NzI5MjE1">ἐξ</span>
    <span class="word" id="a.NjYxMDc1OTczNzU0NTI=">ἁπασῶν</span>
    <span class="word" id="a.MTg2NTAzOTg4MTI3Njc=">ἡ</span>
    <span class="word" id="a.MjcwMDkyODgyOTE4MzI3">καλλίστη</span>
    <span class="word" id="a.NjEyODQwMzU5NDA5MTQ=">ἔδοξα,</span>
    <span class="word" id="a.NzIzMTk0NDQwODQ2MzM=">καὶ</span>
    <span class="word" id="a.MTc0MzIxMDA4NTUwMjcw">μόνῃ</span>
    <span class="word" id="a.MjAyODU1MzkyNzExMzE=">ἐμοὶ</span>
    <span class="word" id="a.MzExNTI2NTM0MTczMjc=">ἐπεῖχε</span>
    <span class="word" id="a.MTExMDExMjQyNDY1NjQ1">τὸν</span>
    <span class="word" id="a.MTAzNzEwMjIxMTkxOTU=">ὀφθαλμόν.</span>
    <span class="word" id="a.MjY4OTAzMTAwMDc2MTk0">ταῦτα</span>
    <span class="word" id="a.MTEyNDA5NDQzNzcyNDMw">ὑμᾶς</span>
    <span class="word" id="a.MjUyMzg0MDcwNjE4NzU3">ἀνιᾷ:</span>
    <span class="word" id="a.OTA5MDczNTYyMjc2MA==">δεῖγμα</span>
    <span class="word" id="a.NDEyNDkwNDczMzY3Ng==">γάρ,</span>
    <span class="word" id="a.OTY5ODk4MzM1Nzc5OTU=">ὡς</span>
    <span class="word" id="a.MTUxMjYzNTg2NjEzNjg3">ἀμείνων</span>
    <span class="word" id="a.MTMyODE0Njg0ODIwNTk=">εἰμὶ</span>
    <span class="word" id="a.MjA1MjczNjY4MzY0NjQ0">καὶ</span>
    <span class="word" id="a.MjE2MDk0ODg4MzA3NTU=">ἀξιέραστος,</span>
    <span class="word" id="a.MjI1MzU2MjMxNzMxODIz">ὑμεῖς</span>
    <span class="word" id="a.MjYyMzA5MTMzNzc5Mzg5">δὲ</span>
    <span class="word" id="a.MTA2MDgyNDA5NzY0OTAz">παρώφθητε.</span>
  </p>
  <h5 style="text-align: center;">
    <span class="word" id="a.Mjk3OTczMzI2MDE3OTc=">ΔΩΡΙΣ</span>
  </h5>
  <p>
    <span class="word" id="a.NDczMDI0Mjk2OTEzMg==">εἰ</span>
    <span class="word" id="a.ODg2NzQzODYxOTUxMzg=">ποιμένι</span>
    <span class="word" id="a.MjU5NTg0NDM3Nzk2NDY3">καὶ</span>
    <span class="word" id="a.MTM5NzQyMjE5Nzk4ODUy">ἐνδεεῖ</span>
    <span class="word" id="a.MTM1MzM0NjU2MjYwMzIy">τὴν</span>
    <span class="word" id="a.NzQxNDExODg5NTMzNDQ=">ὄψιν</span>
    <span class="word" id="a.NDAwMTIwODMwMDc3OTk=">καλὴ</span>
    <span class="word" id="a.NDE4NDU0MTgwNjE1NTc=">ἔδοξας,</span>
    <span class="word" id="a.MjI3OTU4NDYyMzcwMQ==">ἐπίφθονος</span>
    <span class="word" id="a.MTQ2ODM2MTQxNzc2NDA1">οἴει</span>
    <span class="word" id="a.MjQ5NTg5NjQ0MTY0OTQ1">γεγονέναι;</span>
    <span class="word" id="a.MTA2MDU2NzI3NjY2MTE=">καίτοι</span>
    <span class="word" id="a.MjQyNzg4NTY3NjA0Nzcw">τί</span>
    <span class="word" id="a.NTMwMzAwNDI4MzI3OTY=">ἄλλο</span>
    <span class="word" id="a.MjQ2NDY3NTExNDM2MDc4">ἐν</span>
    <span class="word" id="a.MjU0MDI1MTc4NTg3OTIy">σοὶ</span>
    <span class="word" id="a.MjYyOTcxOTU2MTE2">ἐπαινέσαι</span>
    <span class="word" id="a.NjU4NTYzNzIwMDYyMw==">εἶχεν</span>
    <span class="word" id="a.MjEwMDY2OTY5NzE2NjM=">ἢ</span>
    <span class="word" id="a.MTA1Mjc3OTAyMDY3MTIx">τὸ</span>
    <span class="word" id="a.OTQ3ODIwODA5NDUzMTA=">λευκὸν</span>
    <span class="word" id="a.MTEwMDI0NDYyMzg0NjI3">μόνον;</span>
    <span class="word" id="a.MjQ3ODE1MDQyODE4MDI1">καὶ</span>
    <span class="word" id="a.MTkyNDk5NDkwMzU0MjY4">τοῦτο,</span>
    <span class="word" id="a.NDYxODQ1MjA5NzQ4ODg=">οἶμαι,</span>
    <span class="word" id="a.MTI5NjQ1MjExODM5NjI3">ὅτι</span>
    <span class="word" id="a.MjQwNjE2MTUzMjYzMTQw">συνήθης</span>
    <span class="word" id="a.MTEwMDU0MzE2NTM4MzI5">ἐστὶ</span>
    <span class="word" id="a.MTUxNzcwMDk5MTIyNjA0">τυρῷ</span>
    <span class="word" id="a.MTY0MTYzMzU1NDEzNDg4">καὶ</span>
    <span class="word" id="a.MjQ4ODM2NDk0NzUwMDky">γάλακτι:</span>
    <span class="word" id="a.Mzk2OTgzMjY0ODA3NzQ=">πάντα</span>
    <span class="word" id="a.NTUyNjAyNzkwNjU2NDA=">οὖν</span>
    <span class="word" id="a.MjI3MjU3NDYzOTMzNjI2">τὰ</span>
    <span class="word" id="a.MTIzNDAxNzA4OTY3Mjk=">ὅμοια</span>
    <span class="word" id="a.OTAyNTQ2NjU4NTk0MTI=">τούτοις</span>
    <span class="word" id="a.MjI0MzYwNzY3NTYzMjAy">ἡγεῖται</span>
    <span class="word" id="a.MTM5NjExOTczOTcyMTg4">καλά.</span>
    <span class="word" id="a.MjkwODYzNzg3MDI4MTM=">ἐπεὶ</span>
    <span class="word" id="a.MTI5MTE5NzY5MDU1NjYz">τά</span>
    <span class="word" id="a.MTkwNjcyNTY1MDQyMDQ0">γε</span>
    <span class="word" id="a.MTA3MzIwODgzMTQ3NzI1">ἄλλα</span>
    <span class="word" id="a.MjE0MzYyNDI1NTM5OTcz">ὁπόταν</span>
    <span class="word" id="a.MTg3Mzk5NTg1NDU0ODQ=">ἐθελήσῃς</span>
    <span class="word" id="a.MTg4MDkxNTQzMDgwMzY0">μαθεῖν,</span>
    <span class="word" id="a.MTY1MzQyMDc5MTg4NDUy">οἵα</span>
    <span class="word" id="a.MTM5NzQ3NjQxODY3NzY1">τυγχάνεις</span>
    <span class="word" id="a.NjE2MTU0ODI5MjMxNzU=">οὖσα</span>
    <span class="word" id="a.NTQ1NDI1NjQ5NTM1OTU=">τὴν</span>
    <span class="word" id="a.MjMyNDU4MzYyMDE0MjQy">ὄψιν,</span>
    <span class="word" id="a.Njg1ODE4NjkwNTY0OTI=">ἀπὸ</span>
    <span class="word" id="a.NzU0ODA1MzQ2NTExMzg=">πέτρας</span>
    <span class="word" id="a.OTA1Mzc4MDM4NjQ0Mjk=">τινός,</span>
    <span class="word" id="a.OTQwMzgyNzM0MDM5NTY=">εἴ</span>
    <span class="word" id="a.MjA0MzQ2MDQ2MTM0MjY=">ποτε</span>
    <span class="word" id="a.MzI0MzUyNzc3ODY3MjI=">γαλήνη</span>
    <span class="word" id="a.MTYyNDU4NDYwNzM1OTU1">εἴη,</span>
    <span class="word" id="a.MjAxNTA5MDk1NzgwODc=">ἐπικύψασα</span>
    <span class="word" id="a.MTY3NjU0MjY5NDQwNDUx">ἐς</span>
    <span class="word" id="a.MTI2NzEyODAzNTMzOTE4">τὸ</span>
    <span class="word" id="a.NTg1MDg3OTk0OTM5NDY=">ὕδωρ</span>
    <span class="word" id="a.MjA1NDA0NTY1MzI5NTM5">ἰδὲ</span>
    <span class="word" id="a.MTQyNjIxODgwNjY5ODIw">σεαυτὴν</span>
    <span class="word" id="a.NjEzMzc5MDgyNTYzMTk=">οὐδὲν</span>
    <span class="word" id="a.ODk0NDU0NTE0MTg5OTg=">ἄλλο</span>
    <span class="word" id="a.MjcwNzczNzc2NjUzODc=">ἢ</span>
    <span class="word" id="a.MTc0MjA4Mzk5MDg2NDg3">χρόαν</span>
    <span class="word" id="a.MjYwMzkyNTczMjg0NTUz">λευκὴν</span>
    <span class="word" id="a.NTUzODUwOTg1MTIwNA==">ἀκριβῶς:</span>
    <span class="word" id="a.MjU1NDI0MTM5NzEzNzYw">οὐκ</span>
    <span class="word" id="a.MTU2NDk1NDM2NjEzNDg5">ἐπαινεῖται</span>
    <span class="word" id="a.MTEzMDkxNTc4MzIyMDMy">δὲ</span>
    <span class="word" id="a.MzYxMDk4NDQzNjczNzc=">τοῦτο,</span>
    <span class="word" id="a.ODEzMDM2Mzg4NDY4NDE=">ἢν</span>
    <span class="word" id="a.MjEyNTM3NzY2Nzc5NjYz">μὴ</span>
    <span class="word" id="a.MTk1OTI5ODM0NTU4Nzc=">ἐπιπρέπῃ</span>
    <span class="word" id="a.MjU1MTI2OTA3ODkxNzY1">αὐτῷ</span>
    <span class="word" id="a.NzA3MzA4OTAzNDY5NDY=">καὶ</span>
    <span class="word" id="a.MjA0MzMwMjc5Njc5NTk4">τὸ</span>
    <span class="word" id="a.Mzk4MDgyMDQzNDA1NzQ=">ἐρύθημα.</span>
  </p>
  <h5 style="text-align: center;">
    <span class="word" id="a.MjY0NTU4Njk1NjkxNDQ=">ΓΑΛΑΤΕΙΑ</span>
  </h5>
  <p>
    <span class="word" id="a.MzMzOTE2MDQwNDY2OQ==">καὶ</span>
    <span class="word" id="a.MTI1MjkwMDA2NTI5Njcy">μὴν</span>
    <span class="word" id="a.MTgxMTMzODU5NTczNjE4">ἐγὼ</span>
    <span class="word" id="a.MTYxMTQ2NzI4MDM1MDky">μὲν</span>
    <span class="word" id="a.MTA0MDYxOTAxMjYxMDEw">ἡ</span>
    <span class="word" id="a.MjEyNjk2Mzg0MTA4MzAw">ἀκράτως</span>
    <span class="word" id="a.MjU5NDUxMjU3MDY2OTc0">λευκὴ</span>
    <span class="word" id="a.MTgwMzc2NzEzMDUxMTgz">ὅμως</span>
    <span class="word" id="a.MjczMzA2Nzg0ODA3NjMx">ἐραστὴν</span>
    <span class="word" id="a.MjMyNjM1MTE3NDQ4MDYy">ἔχω</span>
    <span class="word" id="a.NzI2MTc4NzIxODIwNjA=">κἂν</span>
    <span class="word" id="a.MTIxNTkwMzQyODkxNTE0">τοῦτον,</span>
    <span class="word" id="a.MTE1OTUzODI2Njk4Nw==">ὑμῶν</span>
    <span class="word" id="a.MTk0MjIwMTY5NDk0MjE=">δὲ</span>
    <span class="word" id="a.Mzg3MTUxMDIxMzY2ODM=">οὐκ</span>
    <span class="word" id="a.MjIyMDU4MjYxMjMwNjIz">ἔστιν</span>
    <span class="word" id="a.MjM5ODIxMDE5ODk0Nzg=">ἥντινα</span>
    <span class="word" id="a.MjQ0NTc1NzcyNjc4NDky">ἢ</span>
    <span class="word" id="a.MTE1ODY4MzA0OTczNjc5">ποιμὴν</span>
    <span class="word" id="a.MjQwNTAyNzc3NTU2MzY=">ἢ</span>
    <span class="word" id="a.MTc4NDM5NzYwOTMwNzc4">ναύτης</span>
    <span class="word" id="a.ODMxOTE4ODI1NDc4Ng==">ἢ</span>
    <span class="word" id="a.NDYwMzU4MDAyODkxNDQ=">πορθμεὺς</span>
    <span class="word" id="a.MTMyNzkwNTMwODY1Mzkz">ἐπαινεῖ:</span>
    <span class="word" id="a.MTgzOTE3OTQ3MDQ2ODU2">ὁ</span>
    <span class="word" id="a.MjIwMzg4MTIwNDM0NzE0">δέ</span>
    <span class="word" id="a.MTQ2NTA5MzMyNTE2MzAy">γε</span>
    <span class="word" id="a.MjI2OTUxMDAxMzQ2MzYw">Πολύφημος</span>
    <span class="word" id="a.MTQwMzcxNzEzMDEwODk1">τό</span>
    <span class="word" id="a.MTMwOTcwMjIyNTQ0ODY=">τε</span>
    <span class="word" id="a.MTU1ODE5ODIwMDE5NTI0">ἄλλα</span>
    <span class="word" id="a.MjAyMzI1MjQ0OTcxOTgx">καὶ</span>
    <span class="word" id="a.Mjc4OTM4MDQzNzkxNjg3">μουσικός</span>
    <span class="word" id="a.MTUyNzgxMDEzMzE5Mjcy">ἐστι.</span>
  </p>
  <h5 style="text-align: center;">
    <span class="word" id="a.MjIxMTk3NDc0MDM4OTEy">ΔΩΡΙΣ</span>
  </h5>
  <p>
    <span class="word" id="a.OTk0Mjc1OTM1MzQ0MDc=">σιώπα,</span>
    <span class="word" id="a.MTI1OTEyMTczNDcwNTM1">ὦ</span>
    <span class="word" id="a.MTM5OTc0NzIzMTI0NDY3">Γαλάτεια:</span>
    <span class="word" id="a.MjQ4MzUwMzE1MDU2NzA3">ἠκούσαμεν</span>
    <span class="word" id="a.MTAzMzI5NTgwMDc4NzY3">αὐτοῦ</span>
    <span class="word" id="a.MTkxODI2ODQ4MjM3ODM=">ᾄδοντος</span>
    <span class="word" id="a.MTUyMTA1OTk4NTk0ODcy">ὁπότε</span>
    <span class="word" id="a.NDAyMjkyOTI1NjM4NjY=">ἐκώμασε</span>
    <span class="word" id="a.MjE5ODc1NTU3NTI3NjUy">πρῴην</span>
    <span class="word" id="a.NDU2ODE2Njg5MzcyNjg=">ἐπὶ</span>
    <span class="word" id="a.MjMwMjg2NTIwNDg4MjY1">σέ:</span>
    <span class="word" id="a.MjEyNjQ5NzM1ODI1NDE1">Ἀφροδίτη</span>
    <span class="word" id="a.MTc1NjE0NjExMzM1MDg=">φίλη,</span>
    <span class="word" id="a.MTU1NzU4NDA3Mjk3NDk2">ὄνον</span>
    <span class="word" id="a.Mjc0NzExODQ0MDI2Nzg3">ἄν</span>
    <span class="word" id="a.MjA4MTczNzY1MDA4NjM=">τις</span>
    <span class="word" id="a.MjUyMzU1NzUxMzkzMDU1">ὀγκᾶσθαι</span>
    <span class="word" id="a.MTU1NjY4NDMzNzAxNDc1">ἔδοξε.</span>
    <span class="word" id="a.NTk2MzI5NDc3NTg1ODM=">καὶ</span>
    <span class="word" id="a.MjM2Mjc5NzA5OTc1NDM2">αὐτὴ</span>
    <span class="word" id="a.ODE0MTI4NTM1ODQ4NDE=">δὲ</span>
    <span class="word" id="a.NzgzNjE1NDYyMzQ2NQ==">ἡ</span>
    <span class="word" id="a.MTU3MzUzMTUwNzE1Njk4">πηκτὶς</span>
    <span class="word" id="a.MjQwMDU4MzQ3MDUyMTU=">οἵα;</span>
    <span class="word" id="a.NjM3MjU2NjcxMjYwMDg=">κρανίον</span>
    <span class="word" id="a.MjI3NTMyNzYzNjc4NTE3">ἐλάφου</span>
    <span class="word" id="a.MTk2MzM0MDE5NjE3MDUy">γυμνὸν</span>
    <span class="word" id="a.MjE3MTQ0ODAxMTQ3OTYz">τῶν</span>
    <span class="word" id="a.MjI2ODUxMjYzNzQ4NjIw">σαρκῶν,</span>
    <span class="word" id="a.NDEwMjg5NDc0MTAzODU=">καὶ</span>
    <span class="word" id="a.OTE3NzI3MzcxNDU1NDI=">τὰ</span>
    <span class="word" id="a.MjU4OTk3NjY3OTM5NTQ5">μὲν</span>
    <span class="word" id="a.MTM2OTg2MTk1OTYxOTY1">κέρατα</span>
    <span class="word" id="a.MjI1MzY1NzgyNzE1OTA4">πήχεις</span>
    <span class="word" id="a.MTg1MzkxMDgzMTIwMDgw">ὥσπερ</span>
    <span class="word" id="a.MTU5MDI0OTkwNDE5MTk3">ἦσαν,</span>
    <span class="word" id="a.Mjc0NzEzODU2NzI5NDk3">ζυγώσας</span>
    <span class="word" id="a.MTk3MDEyNjU5NTI4NDE5">δὲ</span>
    <span class="word" id="a.MTQzNzMyODgwMTMyNzk5">αὐτὰ</span>
    <span class="word" id="a.MjMyOTA4ODY1NDgzODc0">καὶ</span>
    <span class="word" id="a.MTc3NTY1MTEyNjU4OTk=">ἐνάψας</span>
    <span class="word" id="a.MjA2OTQ1MzgwMzM5ODg1">τὰ</span>
    <span class="word" id="a.MTc0NzcxMDc2ODc0MDI=">νεῦρα,</span>
    <span class="word" id="a.MTUyOTE5NTM4MzI2MzU=">οὐδὲ</span>
    <span class="word" id="a.NzAwMzQ1MDM5MDc4MjY=">κόλλοπι</span>
    <span class="word" id="a.Mzk3MjMwODQ1NDc0OQ==">περιστρέψας,</span>
    <span class="word" id="a.MjY4Nzg0MzY3MjMxMzMw">ἐμελῴδει</span>
    <span class="word" id="a.MTkxMjczNTc4MjEyMDk1">ἄμουσόν</span>
    <span class="word" id="a.MjU3Mjk1NzY3NjQ0MDQ5">τι</span>
    <span class="word" id="a.MzUzMDQ5NjAzNTkxNzY=">καὶ</span>
    <span class="word" id="a.MTQ2MDcxMzQxMDQxOTU4">ἀπῳδόν,</span>
    <span class="word" id="a.MjcyMTg4MTM1NjcxMjgz">ἄλλο</span>
    <span class="word" id="a.OTg5NjIwMTYxNTA1NDA=">μὲν</span>
    <span class="word" id="a.MjYzNTYwNDc2MzYzNjY5">αὐτὸς</span>
    <span class="word" id="a.MTY5NzEzNjkyODE4MDg1">βοῶν,</span>
    <span class="word" id="a.MjAwNzk1MzM4NzEzOTgy">ἄλλο</span>
    <span class="word" id="a.MTQwOTkyNTgxNTY4MDcw">δὲ</span>
    <span class="word" id="a.MTUyMzcwMzI3NjU2Mzgz">ἡ</span>
    <span class="word" id="a.MjQ5NTY0NDk5MTE5ODcx">λύρα</span>
    <span class="word" id="a.MjYzNDE4NDk3ODU5NjUw">ὑπήχει,</span>
    <span class="word" id="a.MTk4NTk1NjAxMDEzNjE5">ὥστε</span>
    <span class="word" id="a.MTc0NjE0NzE1NjcxMTcy">οὐδὲ</span>
    <span class="word" id="a.ODYyNzY4ODkwNjY3MzE=">κατέχειν</span>
    <span class="word" id="a.MjUwNzMxNTI3OTA1MzM1">τὸν</span>
    <span class="word" id="a.MjAzMzEyODc4MzQ0MDE3">γέλωτα</span>
    <span class="word" id="a.MzY1OTkzNDY3MzQ4Ng==">ἐδυνάμεθα</span>
    <span class="word" id="a.MTI3MTU2OTMxMTExNDgz">ἐπὶ</span>
    <span class="word" id="a.MzA5MDA2NDg2ODM4MTg=">τῷ</span>
    <span class="word" id="a.MjA5MjEzNTkwNjgwNTc=">ἐρωτικῷ</span>
    <span class="word" id="a.MTcxODE4NTE2MTEzNTg1">ἐκείνῳ</span>
    <span class="word" id="a.MjE5MjM1MDcyODkyNTA=">ᾄσματι:</span>
    <span class="word" id="a.MTkxMzU5NzgwMjgzNzc5">ἡ</span>
    <span class="word" id="a.MjY4MzgyMTkzMDQ3NTgw">μὲν</span>
    <span class="word" id="a.MTAyMjU3NTU0ODY0Mzg=">γὰρ</span>
    <span class="word" id="a.MTY5NDA2NTA0ODY4MDQ=">Ἠχὼ</span>
    <span class="word" id="a.MjM5NTQ3OTE3ODU4OTE0">οὐδὲ</span>
    <span class="word" id="a.MzQwNTkyMjgyMjg1MzM=">ἀποκρίνεσθαι</span>
    <span class="word" id="a.MTM3NDc0NjYwMTY1MjEx">αὐτῷ</span>
    <span class="word" id="a.MjY5ODQwNzAzMzEzNDgz">ἤθελεν</span>
    <span class="word" id="a.MTI4NzcxNjI1MjYzNjQ=">οὕτω</span>
    <span class="word" id="a.MTM3NTE4MjkyNzgxNTg2">λάλος</span>
    <span class="word" id="a.NDE0OTk2MTU2OTkyMDM=">οὖσα</span>
    <span class="word" id="a.MTYzNzY2NzM4Njk1NzMz">βρυχωμένῳ,</span>
    <span class="word" id="a.MjA5MTk1OTU5MzI4ODI0">ἀλλ᾽</span>
    <span class="word" id="a.OTc1MjQzMTk2MTUxNTg=">ᾐσχύνετο,</span>
    <span class="word" id="a.MTQzODg5NzE1NTIxODY4">εἰ</span>
    <span class="word" id="a.MTYyNDE5NDI3OTQwODEw">φανείη</span>
    <span class="word" id="a.NTE1OTQ3OTU1ODgwMjk=">μιμουμένη</span>
    <span class="word" id="a.NTU0ODc1MDc3NjAyMjQ=">τραχεῖαν</span>
    <span class="word" id="a.Njk2MTg3MTYxNzI0MDA=">ᾠδὴν</span>
    <span class="word" id="a.MjExNDk5Mzg0ODQ4NzA3">καὶ</span>
    <span class="word" id="a.MTE0Njc0NjAyOTQyMTE0">καταγέλαστον.</span>
    <span class="word" id="a.MTQwMzA2NTkyMzAzNjcy">ἔφερε</span>
    <span class="word" id="a.MTEyMDUwNDE2MDE1NDcy">δὲ</span>
    <span class="word" id="a.MzM2MTc1MjM2MDYyNDM=">ὁ</span>
    <span class="word" id="a.MTIyNDM1NDY2Nzc3NTU=">ἐπέραστος</span>
    <span class="word" id="a.OTkzNTA1Njc3MzU5NDU=">ἐν</span>
    <span class="word" id="a.NDYwNDM2NDczODQ2NDg=">ταῖς</span>
    <span class="word" id="a.Mjc3NDE4NzkyNTA3MjMx">ἀγκάλαις</span>
    <span class="word" id="a.MjI0MTYwODA3NDQ5NTk3">ἀθυρμάτιον</span>
    <span class="word" id="a.Mjc4NjQxNDgyMDIzNjIw">ἄρκτου</span>
    <span class="word" id="a.NjQyODc5Mjg1NzYwMjU=">σκύλακα</span>
    <span class="word" id="a.MTM1Njg4NzMxOTM1MzIw">τὸ</span>
    <span class="word" id="a.MTkxMTY0MDI2OTkzMjMw">λάσιον</span>
    <span class="word" id="a.MjY3NDY0NDM3NzE2MzI0">αὐτῷ</span>
    <span class="word" id="a.MTU2NjczOTI1Mjg4NzMy">προσεοικότα.</span>
    <span class="word" id="a.NzA5MzYzMzYzOTgxOTE=">τίς</span>
    <span class="word" id="a.MTg3OTI3ODAzNjkxOTAw">οὖν</span>
    <span class="word" id="a.OTkzNjM2ODY5NDk4ODI=">οὐκ</span>
    <span class="word" id="a.MzQ4MTMwNzYxMTMxMTc=">ἂν</span>
    <span class="word" id="a.MjIyOTg1NzE0NzcyMTQ4">φθονήσειέ</span>
    <span class="word" id="a.MTY1OTY5MDI2OTY0Mjcw">σοι,</span>
    <span class="word" id="a.MzczNTQ1Nzg1NTcyMzU=">ὦ</span>
    <span class="word" id="a.OTk5Mjc1NjczNjIyMDU=">Γαλάτεια,</span>
    <span class="word" id="a.MTQ0OTgzODExMzM1NDA1">τοιούτου</span>
    <span class="word" id="a.MTMzNDE1MDMyNjg4MDU2">ἐραστοῦ;</span>
  </p>
  <h5 style="text-align: center;">
    <span class="word" id="a.NDgwNDY0OTMxNTAwMzM=">ΓΑΛΑΤΕΙΑ</span>
  </h5>
  <p>
    <span class="word" id="a.MTEyMjY1NzU3MDk5NDUw">οὐκοῦν</span>
    <span class="word" id="a.MTc4NzYxMjM3NzYyODY5">σύ,</span>
    <span class="word" id="a.MTk0NjU3Njc0MTgwNjMx">Δωρί,</span>
    <span class="word" id="a.MTM3NDE5NDA0NTcyMDY3">δεῖξον</span>
    <span class="word" id="a.MjcwMDA2OTIyMjY5Mzc5">ἡμῖν</span>
    <span class="word" id="a.MTcwOTE1OTgyMjI4NzQz">τὸν</span>
    <span class="word" id="a.Mjc4ODIxNDgxNTQyMzU=">σεαυτῆς,</span>
    <span class="word" id="a.NjI1MjkyNzAyMTkxOTg=">καλλίω</span>
    <span class="word" id="a.NjQzNjg5MDE1NTEwOTc=">δῆλον</span>
    <span class="word" id="a.MTYxODUyMTM3NDkwMzMy">ὅτι</span>
    <span class="word" id="a.MjA1OTY4MDI5NDA1NDM5">ὄντα</span>
    <span class="word" id="a.ODE0NjQ1ODM2MDc0OTc=">καὶ</span>
    <span class="word" id="a.MTEwMTM0ODQ2NTIxODgw">ᾠδικώτερον</span>
    <span class="word" id="a.MTc1MzE5NzkwOTk4NTY2">καὶ</span>
    <span class="word" id="a.MTAzNjYxNTkzMzc4MzU3">κιθαρίζειν</span>
    <span class="word" id="a.MjAwMDcwNDIxMTQ0Mzk5">ἄμεινον</span>
    <span class="word" id="a.MjE5MzExNDQ0NTI1NTcy">ἐπιστάμενον.</span>
  </p>
  <h5 style="text-align: center;">
    <span class="word" id="a.Mjc5NjY0NzI5NDI0MDk1">ΔΩΡΙΣ</span>
  </h5>
  <p>
    <span class="word" id="a.Nzk5MTQwMzA5MjUyMDg=">ἀλλ᾽</span>
    <span class="word" id="a.MjIxNTA1NjIzOTY1MDc5">ἐραστὴς</span>
    <span class="word" id="a.MjE3NjYwMzg2NTI0ODM=">μὲν</span>
    <span class="word" id="a.MjIyODg2NDI4NDk2Njk2">οὐδεὶς</span>
    <span class="word" id="a.MTQ3ODQzNjE1NDg0Mzgx">ἔστι</span>
    <span class="word" id="a.MTQ1MDk5NjczMjcxMQ==">μοι</span>
    <span class="word" id="a.MTI4NDM2NTAwNDQzNTA4">οὐδὲ</span>
    <span class="word" id="a.OTc2MTkwNDk4NDMzOTA=">σεμνύνομαι</span>
    <span class="word" id="a.MTM3NDM4Nzk4NzQ0OTc1">ἐπέραστος</span>
    <span class="word" id="a.MjczNDMyNDIyNTA2MjAy">εἶναι:</span>
    <span class="word" id="a.MjM1MTQ4OTM1Mjk1NzU0">τοιοῦτος</span>
    <span class="word" id="a.MjE3MDkwNjQ2MzMxMjI5">δὲ</span>
    <span class="word" id="a.MTIxMTExODY5MzA0NTk0">οἷος</span>
    <span class="word" id="a.ODEzMzA4NzI3MTE0MTU=">ὁ</span>
    <span class="word" id="a.ODI0MzQ4ODY0NDAwNjU=">Κύκλωψ</span>
    <span class="word" id="a.MTczMDM1MjEzNDE3MjMx">ἐστί,</span>
    <span class="word" id="a.MjQzNDQ4Mzc2Mjg0NTIy">κινάβρας</span>
    <span class="word" id="a.MjU1ODc5NzM2MTc3Njk2">ἀπόζων</span>
    <span class="word" id="a.MTgxMjg2MDczNTY4NjAz">ὥσπερ</span>
    <span class="word" id="a.ODMyMzg4MjYxMDMxNjY=">τράγος,</span>
    <span class="word" id="a.MjA5OTcyNTY5NzY5NzM5">ὠμοφάγος,</span>
    <span class="word" id="a.MTMwNjQwMDY0OTQyMDU5">ὥς</span>
    <span class="word" id="a.MjMzMTUxNzg0MzkwNDI3">φασι,</span>
    <span class="word" id="a.MjgwNTg1MzQ2NzQ3NzI4">καὶ</span>
    <span class="word" id="a.MjI2NzQxOTg3ODc3MDg5">σιτούμενος</span>
    <span class="word" id="a.MTkxNDI5MjQxMDg0ODc3">τοὺς</span>
    <span class="word" id="a.MjEyNDgwODMzMzE4NTgx">ἐπιδημοῦντας</span>
    <span class="word" id="a.MTYyOTU1MzczMjY3MDM4">τῶν</span>
    <span class="word" id="a.NTUzNjM5MDEzNTg5NDg=">ξένων,</span>
    <span class="word" id="a.ODE0MTg2MTA1Mzg3ODM=">σοὶ</span>
    <span class="word" id="a.MTIxMTc0OTc5MDYxMTIz">γένοιτο</span>
    <span class="word" id="a.MjE5NDk5NTY5NjI1NDU2">καὶ</span>
    <span class="word" id="a.MjU4NDg0MTU3ODUwNTQ5">σὺ</span>
    <span class="word" id="a.MTQ5MzYxOTA4NzgzNjQz">ἀντερῴης</span>
    <span class="word" id="a.MTg1NzU3ODQ5MDQ0ODY5">αὐτοῦ.</span>
  </p>
</section>
