<section class="sc-level-2" style="margin-top: 1em;">
  <h4 id="doris-galatea">
    <span class="word" id="a.MjAzMzM5NDI4Mzg3MjA=">ΔΩΡΙΔΟΣ</span>
    <span class="word" id="a.MTYwNjA2MjYyMTA5NzUz">ΚΑΙ</span>
    <span class="word" id="a.MTgyMzkzMjUzNTAyMDI0">ΓΑΛΑΤΕΙΑΣ</span>
  </h4>
  <div class="line" style="font-weight: bold; text-align: center;">
    <span class="word" id="a.MjAwNjE2MDk3MjUxNjQz">ΔΩΡΙΣ</span>
  </div>
  <p>
    <span class="word" id="a.MTE4NDk0MzU1ODY1NzY1">Καλὸν</span>
    <span class="word" id="a.MjMyNjc5NjY2MjMyNjk3">ἐραστήν,</span>
    <span class="word" id="a.MzMzNzkzNTQ5MjgyNDA=">ὦ</span>
    <span class="word" id="a.MTQ5NDA3MTkwMjU4Mjc5">Γαλάτεια,</span>
    <span class="word" id="a.MTU3NjY3Nzc2Mzk5OTg4">τὸν</span>
    <span class="word" id="a.MjIwNzY0ODgzNzI2NjI2">Σικελὸν</span>
    <span class="word" id="a.MjYxNzEyMTAwMDI1NjY4">τοῦτον</span>
    <span class="word" id="a.MjExNjE4NTgwMjk1MzA4">ποιμένα</span>
    <span class="word" id="a.Mzk1MjIxMzUwMTA3NjA=">φασὶν</span>
    <span class="word" id="a.MjQ2NTA2NTMwMjM4NjQ5">ἐπιμεμηνέναι</span>
    <span class="word" id="a.NTcyOTIzOTMyMTM2NjE=">σοί.</span>
  </p>
  <div class="line" style="font-weight: bold; text-align: center;">
    <span class="word" id="a.ODkzMDQ3NDY3MzE1Ng==">ΓΑΛΑΤΕΙΑ</span>
  </div>
  <p>
    <span class="word" id="a.NTM1NjUxMjU5NTQxMDM=">Μὴ</span>
    <span class="word" id="a.MTc1MTg3NTEwNDAyODUy">σκῶπτε,</span>
    <span class="word" id="a.MjE2NzQzMjQ5NTkyODA1">Δωρί:</span>
    <span class="word" id="a.NDU3MjIyNDYyMzU3NDQ=">Ποσειδῶνος</span>
    <span class="word" id="a.MjY1MDgyOTgxMDAzOTQ3">γὰρ</span>
    <span class="word" id="a.MTUxNTY1MjcwMDIyMjU2">υἱός</span>
    <span class="word" id="a.MTQ3NTA5NjA3MDU2NDI5">ἐστιν,</span>
    <span class="word" id="a.MTg5NDM5OTA3NTc3NzIw">ὁποῖος</span>
    <span class="word" id="a.NjcwOTUzNjIyMTI4MDI=">ἂν</span>
    <span class="word" id="a.MjIwMzIzODEwNjk3MjA1">ᾖ.</span>
    <span class="word" id="a.MjY5Nzk1NzIxMzgyODQ4">ὁποῖος</span>
    <span class="word" id="a.Mjc5NjgyMjQ4NTYxNDIx">ἂν</span>
    <span class="word" id="a.MjI2OTM2MTM0NDc3MTQ5">ᾖ.</span>
  </p>
  <div class="line" style="font-weight: bold; text-align: center;">
    <span class="word" id="a.MjMyNDM2NjA2NTI4MjU4">ΔΩΡΙΣ</span>
  </div>
  <p>
    <span class="word" id="a.MjczMzE0ODgxODc2ODc5">Τί</span>
    <span class="word" id="a.MTU0Njc0Mzc3NDEwMTM4">οὖν;</span>
    <span class="word" id="a.MTg1NzA5ODk4NjUyODM1">εἰ</span>
    <span class="word" id="a.ODAyNjYwMjEzNzk3MTI=">καὶ</span>
    <span class="word" id="a.MjQ1NzQ4MDgyMTc1NDI3">τοῦ</span>
    <span class="word" id="a.NTM1MDQ0NTM3NTI5NjE=">Διὸς</span>
    <span class="word" id="a.ODI2Nzc2NjQ2OTY0OTM=">αὐτοῦ</span>
    <span class="word" id="a.NDQzOTQyODkzODczNjk=">παῖς</span>
    <span class="word" id="a.MjQzMzgzODQ4OTMzOTM1">ὢν</span>
    <span class="word" id="a.MjQ5MjEzOTQ2MTAzOTE5">ἄγριος</span>
    <span class="word" id="a.MTIwNDk4NDM5MzEwMDg3">οὕτως</span>
    <span class="word" id="a.MTEzNTkxOTE4Mzg1MTU0">καὶ</span>
    <span class="word" id="a.MzY3NjYyMDg4MjU4NTk=">λάσιος</span>
    <span class="word" id="a.NTU4MTUyMDE5ODEyNjM=">ἐφαίνετο</span>
    <span class="word" id="a.MTM5ODIzNDM5ODM0NjM2">καί,</span>
    <span class="word" id="a.MjIwMjQyNjU5MTI4ODA2">τὸ</span>
    <span class="word" id="a.NjM5ODc3MzQwNTM4MjI=">πάντων</span>
    <span class="word" id="a.MzYwMTcyNjcwMTY4MjU=">ἀμορφότατον,</span>
    <span class="word" id="a.MjIzMjY2OTI0NTgxMDky">μονόφθαλμος,</span>
    <span class="word" id="a.NjcxODAxODU5NTA3MDc=">οἴει</span>
    <span class="word" id="a.MzUxODA4NjEyMDY3ODM=">τὸ</span>
    <span class="word" id="a.MjAxOTAyMzcxMzcwNDY2">γένος</span>
    <span class="word" id="a.ODMyOTUxNzQ1MDAyOTk=">ἄν</span>
    <span class="word" id="a.MjUzOTk1NjE0ODczNTI4">τι</span>
    <span class="word" id="a.MjUxOTM2NzkxOTM3MjQ=">ὀνῆσαι</span>
    <span class="word" id="a.ODkzNTcwMjg3NzMyOTk=">αὐτὸν</span>
    <span class="word" id="a.MjYyMjI0NzIxODQ1Nzc3">πρὸς</span>
    <span class="word" id="a.MjQwOTI4ODQ0ODMwMTQx">τὴν</span>
    <span class="word" id="a.MTkxNjQzNjM3NzM0NTQ=">μορφήν;</span>
  </p>
  <div class="line" style="font-weight: bold; text-align: center;">
    <span class="word" id="a.MTQ4ODAyOTgzNTUyMDQ1">ΓΑΛΑΤΕΙΑ</span>
  </div>
  <p>
    <span class="word" id="a.NDA4NjM1MzgyNjk3NjQ=">οὐδὲ</span>
    <span class="word" id="a.MTU1NDA5MDUwNTA0MDUx">τὸ</span>
    <span class="word" id="a.MTc0NjkwNDM3MDQ5MzY1">λάσιον</span>
    <span class="word" id="a.NzA0NjI4NTY4Njk1MjQ=">αὐτοῦ</span>
    <span class="word" id="a.NDY2NDIxMjc5NTU4MDI=">καί,</span>
    <span class="word" id="a.MjE0NDUxOTUwNjI1Mjkx">ὡς</span>
    <span class="word" id="a.MjA1OTM4NTAzNDI3NDk=">φής,</span>
    <span class="word" id="a.MTgzNTIwMTUyNjExMDQ3">ἄγριον</span>
    <span class="word" id="a.ODc3OTQyMzcwODUzODQ=">ἄμορφόν</span>
    <span class="word" id="a.NzM2MzYyNzgwMjgxMg==">ἐστιν</span>
    <span class="word" id="a.MTE0MDQ0NDM3MjUzMTk=">ἀνδρῶδες</span>
    <span class="word" id="a.Mjg3MzgwNDE5Mjk3OTU=">γάρ</span>
    <span class="word" id="a.MTA4Mjc1OTk4MjMzNzgy">ὅ</span>
    <span class="word" id="a.MTkwMjM0OTI3MDA0NTMx">τε</span>
    <span class="word" id="a.MTAzOTYwMjM0Njg0NjQ5">ὀφθαλμὸς</span>
    <span class="word" id="a.MTk5ODU2Nzc2OTMxNjQx">ἐπιπρέπει</span>
    <span class="word" id="a.NDQwNzQ3MjUzNzE2OTQ=">τῷ</span>
    <span class="word" id="a.ODI0NDk2NTI5MzU2MzM=">μετώπῳ</span>
    <span class="word" id="a.MjU3MjE0MDAxMzMzNDY1">οὐδὲν</span>
    <span class="word" id="a.MTcwNjE2ODY0MTM4NDg=">ἐνδεέστερον</span>
    <span class="word" id="a.MTU1MTY0NDM5NzI1MjU4">ὁρῶν</span>
    <span class="word" id="a.MjIwNzE1NjY2NTU3MTkz">ἢ</span>
    <span class="word" id="a.MTUxOTU2NDc0MTg5NjU3">εἰ</span>
    <span class="word" id="a.MTEyMTA1NzAxMDE1OTQ1">δύ᾽</span>
    <span class="word" id="a.MTQ5OTM1NTEwMDY0MzY1">ἦσαν.</span>
  </p>
  <div class="line" style="font-weight: bold; text-align: center;">
    <span class="word" id="a.MTUwMzU3MDI1NTMzNDMx">ΔΩΡΙΣ</span>
  </div>
  <p>
    <span class="word" id="a.MTQ0Nzk0MTIzNzU2NzA3">ἔοικας,</span>
    <span class="word" id="a.MTg0NjU4Nzc1NDM0MDY1">ὦ</span>
    <span class="word" id="a.MjcyMDYxOTI0NjM3MDg2">Γαλάτεια,</span>
    <span class="word" id="a.MTkwOTQxMTA1NzMyODYx">οὐκ</span>
    <span class="word" id="a.MjA4ODEwOTA3ODk1MDE4">ἐραστὴν</span>
    <span class="word" id="a.OTY0NzY3NTk4MTU0NzY=">ἀλλ᾽</span>
    <span class="word" id="a.MzEwODMyNTIyMzk1MjE=">ἐρώμενον</span>
    <span class="word" id="a.MTE0OTMzMTE2MDI4NzY1">ἔχειν</span>
    <span class="word" id="a.OTgyMDQwMTc0MjY1MjI=">τὸν</span>
    <span class="word" id="a.NzU1MzY0NDE3ODcwNDg=">Πολύφημον,</span>
    <span class="word" id="a.MjcyMjIwMzIzMjY3Mjk5">οἷα</span>
    <span class="word" id="a.MjQyMTA4NTM4Njk4OTE=">ἐπαινεῖς</span>
    <span class="word" id="a.MTU5MDQ2NDQwNzYxMzE1">αὐτόν.</span>
  </p>
  <div class="line" style="font-weight: bold; text-align: center;">
    <span class="word" id="a.MjMzODU2MzQyNTY2ODk4">ΓΑΛΑΤΕΙΑ</span>
  </div>
  <p>
    <span class="word" id="a.MTk2MTIzNzQ1MjY2MzE=">οὐκ</span>
    <span class="word" id="a.MTMxMDgwNDMwMTIwNDc3">ἐρώμενον,</span>
    <span class="word" id="a.NzYwODQxODUzNTk4OTg=">ἀλλὰ</span>
    <span class="word" id="a.OTE2OTEzMzgxMjM0NTA=">τὸ</span>
    <span class="word" id="a.OTMyMDg4MzExODQ3MDQ=">πάνυ</span>
    <span class="word" id="a.MTM0ODM1MzY4NjM4MTYy">ὀνειδιστικὸν</span>
    <span class="word" id="a.MjU1ODQ4ODcyNjQ4NTEy">τοῦτο</span>
    <span class="word" id="a.MTE1OTI4NjcwNTcwMDk0">οὐ</span>
    <span class="word" id="a.MjA3NjQ5NzkyMDgxMTk4">φέρω</span>
    <span class="word" id="a.MTU5Njc2Mjk0OTE4MTg2">ὑμῶν,</span>
    <span class="word" id="a.MjM3MDAyMTE2NDAyNzc5">καί</span>
    <span class="word" id="a.Mjc0OTU3NDUxNjUxNTg0">μοι</span>
    <span class="word" id="a.MTQ4MDk4NjA1NzM0OTE5">δοκεῖτε</span>
    <span class="word" id="a.MTQxNzAwNjE2MDMzNTcz">ὑπὸ</span>
    <span class="word" id="a.MjExNjczMjUzNzA5Mzkx">φθόνου</span>
    <span class="word" id="a.OTgxNDA2NzA2MzU3MzU=">αὐτὸ</span>
    <span class="word" id="a.MTU1NzgxMzEyNzEzNzIw">ποιεῖν,</span>
    <span class="word" id="a.MjA2NDUxNDI4MjQ4OTYz">ὅτι</span>
    <span class="word" id="a.MTEzNjcxMTQ4MDM4MjE1">ποιμαίνων</span>
    <span class="word" id="a.MjYxNDM1MzQ3MTQxMzUx">ποτὲ</span>
    <span class="word" id="a.MjM4Mzk3MDg2NzA4NjI3">ἀπὸ</span>
    <span class="word" id="a.MTQyNjYzMTA1NjczNzEx">τῆς</span>
    <span class="word" id="a.MTk0ODYxNTkyMzcyNjc0">σκοπῆς</span>
    <span class="word" id="a.MTk3MTgwODY2MDM0NDA5">παιζούσας</span>
    <span class="word" id="a.MjMxMTgxMzc1NTA4MDAw">ἡμᾶς</span>
    <span class="word" id="a.NDMzNjAwMTYzODA4NTI=">ἰδὼν</span>
    <span class="word" id="a.MjM5MzY2NTI1MTM2Njg5">ἐπὶ</span>
    <span class="word" id="a.MjY1ODQ0NjYyNjQ5NDY0">τῆς</span>
    <span class="word" id="a.MTIyNDE0NzE4ODAwODcz">ᾐόνος</span>
    <span class="word" id="a.MjU0NjU5Njg2NjY4MTQ1">ἐν</span>
    <span class="word" id="a.MzkwMDQyMjg5MTUzNTU=">τοῖς</span>
    <span class="word" id="a.MTYwNzY1MDk5OTY4Njg1">πρόποσι</span>
    <span class="word" id="a.OTA1NzcxMDI2Mzk2Mw==">τῆς</span>
    <span class="word" id="a.MjE4NzA3MTI4MDc3Njk=">Αἴτνης,</span>
    <span class="word" id="a.MTEzOTU1NTUyMjgyOTc5">καθ᾽</span>
    <span class="word" id="a.MjA4OTI3OTQ5NTM3ODcx">ὃ</span>
    <span class="word" id="a.MTc4NzYyMzg2MTIwODY=">μεταξὺ</span>
    <span class="word" id="a.MjU5MzgwNjc5MDk1MDQ1">τοῦ</span>
    <span class="word" id="a.MjEyODE0MDk5NTMxNDQ0">ὄρους</span>
    <span class="word" id="a.MTAwOTIwNTg1Njk2MjUy">καὶ</span>
    <span class="word" id="a.MjE5NDc2Mjc5MjI1MjQx">τῆς</span>
    <span class="word" id="a.OTU0ODI1ODg1MTQ2NTE=">θαλάττης</span>
    <span class="word" id="a.ODExOTE1MDczNDI2NTA=">αἰγιαλὸς</span>
    <span class="word" id="a.ODg2OTIyMDM3ODg4NTM=">ἀπομηκύνεται,</span>
    <span class="word" id="a.MjE4MTg1MTA3MTgyODY5">ὑμᾶς</span>
    <span class="word" id="a.MTUwMTgwMzU5NDE3MzY0">μὲν</span>
    <span class="word" id="a.NzA0ODgzMzQ4MzA4NDI=">οὐδὲ</span>
    <span class="word" id="a.OTI1NTIwMzY1MTMyNDk=">προσέβλεψεν,</span>
    <span class="word" id="a.ODA2NjcwOTEyODkzMTg=">ἐγὼ</span>
    <span class="word" id="a.NDk1NjYwNzIxMTc2MDk=">δὲ</span>
    <span class="word" id="a.MTY0MDQyNDI2NjU4MDg5">ἐξ</span>
    <span class="word" id="a.NDkwMDcxNTk4OTE5MTk=">ἁπασῶν</span>
    <span class="word" id="a.MTM1MzU5MDk5MjQyMDAw">ἡ</span>
    <span class="word" id="a.MTcyMzgxNDQyNzQ1MDAy">καλλίστη</span>
    <span class="word" id="a.MjA0MTY0MTA1NzU0NzU=">ἔδοξα,</span>
    <span class="word" id="a.MjU1NTg1Njk1NzY5OTk0">καὶ</span>
    <span class="word" id="a.NTM4MDUxMzY5ODI4NDM=">μόνῃ</span>
    <span class="word" id="a.ODQ2MTIyMTA1Nzg5MTA=">ἐμοὶ</span>
    <span class="word" id="a.MjA4OTUwODU4ODY4NjE2">ἐπεῖχε</span>
    <span class="word" id="a.MTI0MjA3MDk2MTIyODY4">τὸν</span>
    <span class="word" id="a.MTQxOTUzNzY5ODI2Mjk4">ὀφθαλμόν.</span>
    <span class="word" id="a.MTU3OTkzODE2ODg2MDk3">ταῦτα</span>
    <span class="word" id="a.MjgwMjU4MTk5OTk0NDI3">ὑμᾶς</span>
    <span class="word" id="a.MTg1NjExNDE1NTQ4OTQ0">ἀνιᾷ:</span>
    <span class="word" id="a.Mjg0Nzc0MjA0OTE0MTQ=">δεῖγμα</span>
    <span class="word" id="a.MTA2NTUzNDE2OTc2NjY4">γάρ,</span>
    <span class="word" id="a.MjUxNTY1MzM1NzU2NDA5">ὡς</span>
    <span class="word" id="a.ODUwMDUwOTM4ODkxMjE=">ἀμείνων</span>
    <span class="word" id="a.MjE0Nzc4MTc1MDU3OTMx">εἰμὶ</span>
    <span class="word" id="a.MjcwMjUwNDA4OTE3MTI=">καὶ</span>
    <span class="word" id="a.MTUzNTAxMTY1MDIxNzc5">ἀξιέραστος,</span>
    <span class="word" id="a.MTcwNDEyNTQyOTA2MTUy">ὑμεῖς</span>
    <span class="word" id="a.MTEzMjY5NDk3OTc2ODU1">δὲ</span>
    <span class="word" id="a.MTU0Mzk5NjM0OTE1NjUx">παρώφθητε.</span>
  </p>
  <div class="line" style="font-weight: bold; text-align: center;">
    <span class="word" id="a.MTMwNjIyMDQ0MTA0NTE2">ΔΩΡΙΣ</span>
  </div>
  <p>
    <span class="word" id="a.MjI2MTAwMTA0NTMwMDg1">εἰ</span>
    <span class="word" id="a.MjMzNzM3NTg1NTAyNTg3">ποιμένι</span>
    <span class="word" id="a.MTc3OTExMjYwODQ4Njc2">καὶ</span>
    <span class="word" id="a.NjQ3NTk5MTQ3NDQ0NDc=">ἐνδεεῖ</span>
    <span class="word" id="a.MTk4NzU5NDU5MTY2ODA2">τὴν</span>
    <span class="word" id="a.MzA3NDQxMTg3MjA4MTg=">ὄψιν</span>
    <span class="word" id="a.ODU0OTk4OTY3Mzc2OTY=">καλὴ</span>
    <span class="word" id="a.NzIwNzU5OTMyNzk3ODQ=">ἔδοξας,</span>
    <span class="word" id="a.MjM4NzgwNjQ0NTMxNzE5">ἐπίφθονος</span>
    <span class="word" id="a.NzI3NTQ1MjE2ODAwNDg=">οἴει</span>
    <span class="word" id="a.MTQ3MjkyNDU5MjczOTc1">γεγονέναι;</span>
    <span class="word" id="a.MTExNTI3OTMxOTY2MjQ5">καίτοι</span>
    <span class="word" id="a.MTEzNjAzNTYxMTY5ODkw">τί</span>
    <span class="word" id="a.MTE2MDI5Nzk2NTcwMzgw">ἄλλο</span>
    <span class="word" id="a.MTY2MzQ5NjI4NTU3MzMw">ἐν</span>
    <span class="word" id="a.MjcxNDk4OTA3NDQ4OTM0">σοὶ</span>
    <span class="word" id="a.MTA3Nzk0NDMzOTUzNTM=">ἐπαινέσαι</span>
    <span class="word" id="a.MjEyOTQ1OTU5NzE0NjIz">εἶχεν</span>
    <span class="word" id="a.MjYyNTk1NTkyMTQ3OTc5">ἢ</span>
    <span class="word" id="a.MTcyNDI0MzUwMDE2MzM0">τὸ</span>
    <span class="word" id="a.MTc2MDkyNzM3OTQyMjQw">λευκὸν</span>
    <span class="word" id="a.MjIyNzQ1MTgzNTMzNDg0">μόνον;</span>
    <span class="word" id="a.NDU4NjQ3NDU1NDQ5MzM=">καὶ</span>
    <span class="word" id="a.MTYyMzQ4MjkwODA2NDQz">τοῦτο,</span>
    <span class="word" id="a.MjQ1ODY3MzQ1MTIyNTA1">οἶμαι,</span>
    <span class="word" id="a.Mzc5MDA5MDQyMTUxNDY=">ὅτι</span>
    <span class="word" id="a.MTIxMzc2NzM4NzcwMDk2">ξυνήθης</span>
    <span class="word" id="a.MTczMjgyNDQ3NTU3OTE2">ἐστὶ</span>
    <span class="word" id="a.OTMwMjg5MzI3NzE0NTM=">τυρῷ</span>
    <span class="word" id="a.MTQ5NzUzNTU3MDk1ODkw">καὶ</span>
    <span class="word" id="a.NDAzOTQ4OTU0NTA3Mg==">γάλακτι:</span>
    <span class="word" id="a.MTIyOTA0ODM4ODk4NTU4">πάντα</span>
    <span class="word" id="a.MTQ5OTEyMTg5OTI5OTk3">οὖν</span>
    <span class="word" id="a.MTYwMTA0MDQyODMwMjM5">τὰ</span>
    <span class="word" id="a.MTM5OTk3MjI3MTU5MjEw">ὅμοια</span>
    <span class="word" id="a.MjczMDYxMzQ5ODM2NzU2">τούτοις</span>
    <span class="word" id="a.MjI1MDI1MjQ0NjYyMTQ4">ἡγεῖται</span>
    <span class="word" id="a.MTQyODc4MDE0MjAwMjE5">καλά.</span>
    <span class="word" id="a.MjAwMjQ3MzU0MTAwMTAy">ἐπεὶ</span>
    <span class="word" id="a.MTY0NDYyNTI3NDQ2OTEz">τά</span>
    <span class="word" id="a.MTY1NDgyMDc0Mjk2NzUy">γε</span>
    <span class="word" id="a.MTg4MTIxMzc3MzMyMzM=">ἄλλα</span>
    <span class="word" id="a.OTgzNTQyOTIwMjY0NzY=">ὁπόταν</span>
    <span class="word" id="a.MjU5NTA4MTk2MzUyMjA5">ἐθελήσῃς</span>
    <span class="word" id="a.MTE4MzEzMjE4MjYxOTcy">μαθεῖν,</span>
    <span class="word" id="a.MTM3OTIwNjg2NDAxOTQ=">οἵα</span>
    <span class="word" id="a.NDkyNDEzNzI0NTg3MQ==">τυγχάνεις</span>
    <span class="word" id="a.MjE2NjY5NjEwNzA1NTY0">οὖσα</span>
    <span class="word" id="a.Mjc3ODU3OTgwMjE0MDcz">τὴν</span>
    <span class="word" id="a.MTI4NTk4NTc3MDQyODE3">ὄψιν,</span>
    <span class="word" id="a.MTk4NTE3MTUyNzg2MDcw">ἀπὸ</span>
    <span class="word" id="a.MjMzNzY4MTA3NDIyNjUy">πέτρας</span>
    <span class="word" id="a.MjQ3NjI2NTY4ODY2Njc3">τινός,</span>
    <span class="word" id="a.OTQzMTI5NTM4MTk5Njc=">εἴ</span>
    <span class="word" id="a.MjMzNDcyNjc4ODYwMDU5">ποτε</span>
    <span class="word" id="a.MjI2NTAyNDg0NjcyNjUy">γαλήνη</span>
    <span class="word" id="a.MTQ4NTM4MjI2NzA1MzQ4">εἴη,</span>
    <span class="word" id="a.MTY0MDUyNjA0NzE5NDY0">ἐπικύψασα</span>
    <span class="word" id="a.MjM4MTc0MzAzNzcwOTI2">ἐς</span>
    <span class="word" id="a.MjU3OTc3NjIwMDQ0Nzk1">τὸ</span>
    <span class="word" id="a.MjczNDk4OTc5MTk2Nzgx">ὕδωρ</span>
    <span class="word" id="a.MjE1MTc4MTY0NTgxNTUy">ἰδὲ</span>
    <span class="word" id="a.NzM2NDE5MjQ0OTYwNTc=">σεαυτὴν</span>
    <span class="word" id="a.MjUyOTM5MjM0MjAyNzA5">οὐδὲν</span>
    <span class="word" id="a.NTAyODI3NTgxOTE3NTE=">ἄλλο</span>
    <span class="word" id="a.MTE2NDA4MTk2MTAxMjg5">ἢ</span>
    <span class="word" id="a.MjU5Njc2MjIwNzQ3Mjc1">χρόαν</span>
    <span class="word" id="a.MTA1NDc4NTM5NzgwNDc0">λευκὴν</span>
    <span class="word" id="a.MTQ4NzYwOTE5ODAwMzU2">ἀκριβῶς:</span>
    <span class="word" id="a.MTQ2MjI2NzE5OTY5NzM5">οὐκ</span>
    <span class="word" id="a.MjYyODk1OTY0ODQxMjcy">ἐπαινεῖται</span>
    <span class="word" id="a.MjU4NDc3MTAwNTQ1ODM2">δὲ</span>
    <span class="word" id="a.MTE5MjkyMzM3OTAzNzA2">τοῦτο,</span>
    <span class="word" id="a.MTY3OTg5NzExNTMzNzA1">ἢν</span>
    <span class="word" id="a.MjczOTEwMTgzMjMwMDg=">μὴ</span>
    <span class="word" id="a.MjEwMzY4NjcyMzAzNDMy">ἐπιπρέπῃ</span>
    <span class="word" id="a.MjgwMjU3NDk4NjgxMTc3">αὐτῷ</span>
    <span class="word" id="a.NjQzMDI2OTU2MDczNQ==">καὶ</span>
    <span class="word" id="a.Mjc0MTEwODIyNTc2MTUx">τὸ</span>
    <span class="word" id="a.ODUzMjY3MDI3MTE2OTA=">ἐρύθημα.</span>
  </p>
  <div class="line" style="font-weight: bold; text-align: center;">
    <span class="word" id="a.MjA4MTc1MTY3ODYwOTYy">ΓΑΛΑΤΕΙΑ</span>
  </div>
  <p>
    <span class="word" id="a.MTg0NjYxNDI2NDk2MDQz">καὶ</span>
    <span class="word" id="a.MTY1OTg5NzAwNTgxNzE=">μὴν</span>
    <span class="word" id="a.NTM1OTIxMDk3MDQ0Njk=">ἐγὼ</span>
    <span class="word" id="a.NzcxODYwNzMxNzgzNTc=">μὲν</span>
    <span class="word" id="a.NDU3ODMzMDcyMjMyMA==">ἡ</span>
    <span class="word" id="a.NTI4MTE0MjY1MzczMDA=">ἀκράτως</span>
    <span class="word" id="a.MjAxMzY3NzE5NzYzMjgx">λευκὴ</span>
    <span class="word" id="a.NTg3ODYzMjI5NjYwMTY=">ὅμως</span>
    <span class="word" id="a.MTc0NDExNDMyMzMyODk2">ἐραστὴν</span>
    <span class="word" id="a.OTgxMjc5NjUxNTI5MzQ=">ἔχω</span>
    <span class="word" id="a.MjcyNTc5MDA5OTE2NjUw">κἂν</span>
    <span class="word" id="a.NTU3NDA1OTc4NjY1NjE=">τοῦτον,</span>
    <span class="word" id="a.MTc3Njk1ODk2Mjc0MTI5">ὑμῶν</span>
    <span class="word" id="a.MTM5Mjc1NjI4Mzg3MTI=">δὲ</span>
    <span class="word" id="a.MTkxODE0MDQyMzcxMjc0">οὐκ</span>
    <span class="word" id="a.MTMyMjAxMDYyMTIyNjE5">ἔστιν</span>
    <span class="word" id="a.ODA2MDg2OTIyMjQ3MTA=">ἥντινα</span>
    <span class="word" id="a.NzMwNDgxMzgwOTM1MjY=">ἢ</span>
    <span class="word" id="a.MjI2MDk5ODgyMDQwMjM=">ποιμὴν</span>
    <span class="word" id="a.MjY3OTQxNjUwNjQzMDY4">ἢ</span>
    <span class="word" id="a.MTA2NTE1MDMyOTAzMDE=">ναύτης</span>
    <span class="word" id="a.Mjc5MTE2NTYxMzI1Mzg5">ἢ</span>
    <span class="word" id="a.OTE4MzU0OTc1OTcwOTE=">πορθμεὺς</span>
    <span class="word" id="a.MjU0NzYxMTUwMDMwODcw">ἐπαινεῖ:</span>
    <span class="word" id="a.MTkwNTQ3OTE4OTgzMjU=">ὁ</span>
    <span class="word" id="a.MTcxNTMyNTQzNzAwNTI=">δέ</span>
    <span class="word" id="a.MjYxNTA2MDU2NjU4NzM2">γε</span>
    <span class="word" id="a.NzY4Nzk2MTMyNzMzMjQ=">Πολύφημος</span>
    <span class="word" id="a.MTk2NzkzMzIwNTEwNDU=">τό</span>
    <span class="word" id="a.MTI1ODQwMDIxNDI1Njk5">τε</span>
    <span class="word" id="a.MjQ2NzM1NTc4NTg5MTQ3">ἄλλα</span>
    <span class="word" id="a.MjU1NDIzOTE0MjE1Mzk0">καὶ</span>
    <span class="word" id="a.MTczMTM1MjU3MzAzMTUx">μουσικός</span>
    <span class="word" id="a.MTU0NzA3ODE3NzczMTA1">ἐστι.</span>
  </p>
  <div class="line" style="font-weight: bold; text-align: center;">
    <span class="word" id="a.Njk4Njg2MzU3ODEyMzU=">ΔΩΡΙΣ</span>
  </div>
  <p>
    <span class="word" id="a.ODY3MzI1NjUwMTUzMDQ=">σιώπα,</span>
    <span class="word" id="a.MjY1MDQwOTc1Mzg3MzQy">ὦ</span>
    <span class="word" id="a.Njk1Mjg1OTI3NDM4NTg=">Γαλάτεια:</span>
    <span class="word" id="a.MzIzOTU2NDcxMTMyMDM=">ἠκούσαμεν</span>
    <span class="word" id="a.MTE1OTk1NTI5Njc4NTk2">αὐτοῦ</span>
    <span class="word" id="a.Nzk0NTAzOTIyNDExNzM=">ᾄδοντος</span>
    <span class="word" id="a.MTM2NzQ2MzM3OTA3Njg3">ὁπότε</span>
    <span class="word" id="a.MTc2MzA0OTA3MDk0MzM=">ἐκώμασε</span>
    <span class="word" id="a.MzI2NTMyMTcwNzQ5Mzc=">πρῴην</span>
    <span class="word" id="a.MTUyMjk4NjYyNjMzNTIy">ἐπὶ</span>
    <span class="word" id="a.MjE0MTI5NTMxMTcyNjcz">σέ:</span>
    <span class="word" id="a.MTQxODczMTY1Njg2NzYz">Ἀφροδίτη</span>
    <span class="word" id="a.MjMxMDAyMzA2NzkzOTQw">φίλη,</span>
    <span class="word" id="a.MjM0NDc2NjM2MjIxNDI=">ὄνον</span>
    <span class="word" id="a.ODE4Mjk2MDMzMjg2MjM=">ἄν</span>
    <span class="word" id="a.MjI5NTYzODQzNTYxMTY4">τις</span>
    <span class="word" id="a.MjIwMDcwNjA1MTU0MjYy">ὀγκᾶσθαι</span>
    <span class="word" id="a.MTA2NzU0NjYwNDgwOTU0">ἔδοξε.</span>
    <span class="word" id="a.ODcwNzI5MzQ5Mzk1NDA=">καὶ</span>
    <span class="word" id="a.MTY4OTI1NTgxMjI2ODkx">αὐτὴ</span>
    <span class="word" id="a.Mzk3MDU0NjAwMTQzODA=">δὲ</span>
    <span class="word" id="a.MTkyNDMyNDU5ODU3MjMy">ἡ</span>
    <span class="word" id="a.MTY1Mjc2MDQ3MDkyNTk3">πηκτὶς</span>
    <span class="word" id="a.NDg3ODA0OTgyMDE4NzU=">οἵα;</span>
    <span class="word" id="a.MTE3ODQxNTczNDQyNTk1">κρανίον</span>
    <span class="word" id="a.NzM0MDA5Njc1NjQ4NzI=">ἐλάφου</span>
    <span class="word" id="a.OTQxMjgxOTc0NTc4NTg=">γυμνὸν</span>
    <span class="word" id="a.MTk4MzA3ODY0ODY5NTcy">τῶν</span>
    <span class="word" id="a.MTA0MjY5MjgzNjQxMjI=">σαρκῶν,</span>
    <span class="word" id="a.NDIwMDAyNTc2MTQzNzU=">καὶ</span>
    <span class="word" id="a.MTc0OTM0NTgyODE4MzE1">τὰ</span>
    <span class="word" id="a.MjQyNjcxODgxODU3NDY0">μὲν</span>
    <span class="word" id="a.OTg5NTg2MTE5NDY4NQ==">κέρατα</span>
    <span class="word" id="a.NDU4Mzg4MjQ1ODcwNjI=">πήχεις</span>
    <span class="word" id="a.MTAxODAxMjU3OTI2NTM=">ὥσπερ</span>
    <span class="word" id="a.MTU2MTU4MTIzNTU2NTg3">ἦσαν,</span>
    <span class="word" id="a.NjMxNzExNTc1MzQ3MzA=">ζυγώσας</span>
    <span class="word" id="a.NDYwMTg4MjkyMjAxNTQ=">δὲ</span>
    <span class="word" id="a.MTM1MjcxMTIzOTcyOTM0">αὐτὰ</span>
    <span class="word" id="a.MTkyNDkwNDM5OTMyMjc5">καὶ</span>
    <span class="word" id="a.MTMxMzYzMDI5MzI3Mzgy">ἐνάψας</span>
    <span class="word" id="a.MjcwMDgzOTE5ODAyMTcw">τὰ</span>
    <span class="word" id="a.Mjc2MzU1ODk4NjU1NTQ2">νεῦρα,</span>
    <span class="word" id="a.NjczNDU1MjY4MTEzMjI=">οὐδὲ</span>
    <span class="word" id="a.NTM4Mzk4NTYwMTA4MjE=">κόλλοπι</span>
    <span class="word" id="a.MjU5NDU2MTI3MTgyODE2">περιστρέψας,</span>
    <span class="word" id="a.NzQxMjM4MjU5MzAzNDY=">ἐμελῴδει</span>
    <span class="word" id="a.MjY4OTQ2NzQ3MDk1Mzc0">ἄμουσόν</span>
    <span class="word" id="a.NDQ3MTc4NjgyMzY0OTI=">τι</span>
    <span class="word" id="a.NzE0OTExMTEyNTYxNTc=">καὶ</span>
    <span class="word" id="a.MTk4MTkyMzY5Mzk4MjU5">ἀπῳδόν,</span>
    <span class="word" id="a.MTMyODY2Nzg1MDEzNjU=">ἄλλο</span>
    <span class="word" id="a.NDc4NjAxMjEwMjAyMDU=">μὲν</span>
    <span class="word" id="a.NjM3NTc1Mzg3MDI5NjI=">αὐτὸς</span>
    <span class="word" id="a.MTQ0NTc5NTkwNDcwMTUw">βοῶν,</span>
    <span class="word" id="a.NjczODc2NDg0Mjg2Mjg=">ἄλλο</span>
    <span class="word" id="a.NjI4NzU3OTgyOTExMDA=">δὲ</span>
    <span class="word" id="a.Mjg0MTU3Mzk5MTE1MTM=">ἡ</span>
    <span class="word" id="a.MTI1NDA0NDU1NDI1MTA4">λύρα</span>
    <span class="word" id="a.MTc1MzIxODEwMTE4MzM1">ὑπήχει,</span>
    <span class="word" id="a.NzMwNDYzMjI0MTY5NjI=">ὥστε</span>
    <span class="word" id="a.MjI0NTE0MDMzMTY0NzUy">οὐδὲ</span>
    <span class="word" id="a.NjA0NjM5MTcxOTE5Mg==">κατέχειν</span>
    <span class="word" id="a.MjIyODE5MTUyMzU5NzU4">τὸν</span>
    <span class="word" id="a.MjgxMjEzMzExOTgxMDYy">γέλωτα</span>
    <span class="word" id="a.MTk5MDY2NjMzOTQ1NjIx">ἐδυνάμεθα</span>
    <span class="word" id="a.MjE3NzgwNTM2NTg2NTI2">ἐπὶ</span>
    <span class="word" id="a.MjEwNDMyMTI3MTQ5NjQy">τῷ</span>
    <span class="word" id="a.MTI4NTU3OTAxNjY4NDAw">ἐρωτικῷ</span>
    <span class="word" id="a.MTY1NDUwNzIwMjY2OTcw">ἐκείνῳ</span>
    <span class="word" id="a.MTkyMjY4NzMzNTA2MzU3">ᾄσματι:</span>
    <span class="word" id="a.MTExMTI2MzAwNzU5ODQ1">ἡ</span>
    <span class="word" id="a.MjI3ODY4MjI4OTA4MjY5">μὲν</span>
    <span class="word" id="a.MjI3ODMxNTM2NDkzOTA4">γὰρ</span>
    <span class="word" id="a.NjA2MjQyNzQ5MzEzMjU=">Ἠχὼ</span>
    <span class="word" id="a.MTMzMTQ1MjQzNzQwNzUw">οὐδὲ</span>
    <span class="word" id="a.MjM4NDQ4MTgwODg1OTEz">ἀποκρίνεσθαι</span>
    <span class="word" id="a.MjQyNDYzMTIzODAxODgw">αὐτῷ</span>
    <span class="word" id="a.MTUxNzI3NjY5MDg1ODI1">ἤθελεν</span>
    <span class="word" id="a.MjA0NzYyNTU5ODkxNTU=">οὕτω</span>
    <span class="word" id="a.Nzg5NzcyNjUzMzQwMjY=">λάλος</span>
    <span class="word" id="a.MjQ3NTIyMzE3NjM3NTQy">οὖσα</span>
    <span class="word" id="a.OTMwNjcyMTcwNzcyNDg=">βρυχωμένῳ,</span>
    <span class="word" id="a.MjMwMDM5Mjc2MjU3NDM2">ἀλλ᾽</span>
    <span class="word" id="a.MjAwODQ2OTQ2OTc5MjY4">ᾐσχύνετο,</span>
    <span class="word" id="a.MTUwMzg5NDUwMzE2ODMw">εἰ</span>
    <span class="word" id="a.MTc3MTA4NjUzOTI0NjE=">φανείη</span>
    <span class="word" id="a.NjI5NjM4MDI4NTU1Mzc=">μιμουμένη</span>
    <span class="word" id="a.MjE3ODI1NjEwMTE4MjUw">τραχεῖαν</span>
    <span class="word" id="a.MjU4MTg5MDEyNjM2Mzcy">ᾠδὴν</span>
    <span class="word" id="a.MjAyMjQ2NzY4OTA5MDM0">καὶ</span>
    <span class="word" id="a.MTczNzcyNDU1MDk5NTM3">καταγέλαστον.</span>
    <span class="word" id="a.MjYzNDYxMzkxNjU4ODkx">ἔφερε</span>
    <span class="word" id="a.MTA0MDI1Nzg1NjcwMjg=">δὲ</span>
    <span class="word" id="a.MTA1OTM2Njc0NzU4ODI1">ὁ</span>
    <span class="word" id="a.MTQ0MTY3ODU3NDYzODI1">ἐπέραστος</span>
    <span class="word" id="a.MTAzNTI1NzA1MzE0MzIx">ἐν</span>
    <span class="word" id="a.NTExOTAyMTczMzYwMDg=">ταῖς</span>
    <span class="word" id="a.MTI0NTcwMTYzOTA3NjU=">ἀγκάλαις</span>
    <span class="word" id="a.MjA4MDQwMjE1NDQ1Mzky">ἀθυρμάτιον</span>
    <span class="word" id="a.MTY2MTgwNDg5ODM2NTQ5">ἄρκτου</span>
    <span class="word" id="a.OTA4MDczMjk0MjYzOTA=">σκύλακα</span>
    <span class="word" id="a.MjY0ODQ1NjkwNjkxMjg1">τὸ</span>
    <span class="word" id="a.MTM5ODM3NjQ0MzgwMjU2">λάσιον</span>
    <span class="word" id="a.MzQ4MzQ2ODU5MjkyODU=">αὐτῷ</span>
    <span class="word" id="a.MTk1MzYwNTg5NjI4MTYx">προσεοικότα.</span>
    <span class="word" id="a.MTgyNjg1ODk1MTgwOTM4">τίς</span>
    <span class="word" id="a.OTM4NjU3NTQ5Njc5NDY=">οὖν</span>
    <span class="word" id="a.MTY5NTA5NTIzNjQ2MTE3">οὐκ</span>
    <span class="word" id="a.NTIwNzE3ODAwNTk0NTU=">ἂν</span>
    <span class="word" id="a.MjMzNTEzNjE4Mjc0Nzg2">φθονήσειέ</span>
    <span class="word" id="a.Mjc0NDgwMDE0ODcwMjk3">σοι,</span>
    <span class="word" id="a.OTU5NjI4NjA4OTY5MjI=">ὦ</span>
    <span class="word" id="a.MTQxMTcwODE0ODE0MDUz">Γαλάτεια,</span>
    <span class="word" id="a.MTM3MTgyODcyMTE1MzQw">τοιούτου</span>
    <span class="word" id="a.NTM4NTg4MTM5NTUzOQ==">ἐραστοῦ;</span>
  </p>
  <div class="line" style="font-weight: bold; text-align: center;">
    <span class="word" id="a.ODMzOTY1OTgzOTgzNjY=">ΓΑΛΑΤΕΙΑ</span>
  </div>
  <p>
    <span class="word" id="a.MjA2MTMzNjE5NTIxNzI=">οὐκοῦν</span>
    <span class="word" id="a.MTY4OTQzMzQ4NTAzNzU1">σύ,</span>
    <span class="word" id="a.MTYzNzE5MTE3OTQxMDM1">Δωρί,</span>
    <span class="word" id="a.MjU4NDMxMTAxNDk1NTg=">δεῖξον</span>
    <span class="word" id="a.Mjc0OTE2OTQxMjYwMjc1">ἡμῖν</span>
    <span class="word" id="a.MTg2MjYwNzAxMTkwMTAw">τὸν</span>
    <span class="word" id="a.MjM0NjkwMzI1MjExOTEy">σεαυτῆς,</span>
    <span class="word" id="a.NTAyNjQ2MzcxNTM0OTY=">καλλίω</span>
    <span class="word" id="a.Mjc0MTI0NDUzODIzMzA3">δῆλον</span>
    <span class="word" id="a.MjgwMDI4MTA1ODIzOTA1">ὅτι</span>
    <span class="word" id="a.MTgzNjUwNjM3NTQ4MTQ5">ὄντα</span>
    <span class="word" id="a.MTAxODE1MjY5NzU5NzU3">καὶ</span>
    <span class="word" id="a.NTk2MzY2OTM3OTY0MTU=">ᾠδικώτερον</span>
    <span class="word" id="a.Mjc4NDY3MTAxMDQzMjIw">καὶ</span>
    <span class="word" id="a.MTg2MTI2ODYzMjE5MzYw">κιθαρίζειν</span>
    <span class="word" id="a.MjE0MzEwNTM4MjU0MDU0">ἄμεινον</span>
    <span class="word" id="a.MTg3MDkyMTM3MDkwNTc3">ἐπιστάμενον.</span>
  </p>
  <div class="line" style="font-weight: bold; text-align: center;">
    <span class="word" id="a.ODE1NTMwNDM5ODE4MTM=">ΔΩΡΙΣ</span>
  </div>
  <p>
    <span class="word" id="a.MTU4NTU3NTI2MzUzODM1">ἀλλ᾽</span>
    <span class="word" id="a.MTk1NDczNDM4MjY3MzM3">ἐραστὴς</span>
    <span class="word" id="a.MTI2NzMzNzIzMzY5MDE3">μὲν</span>
    <span class="word" id="a.Mjg0NTkyMDAyNjcyNzY=">οὐδεὶς</span>
    <span class="word" id="a.MjIzNDQ0NjI2ODYxMDc5">ἔστι</span>
    <span class="word" id="a.MTYxNjMzODI5NDcwNTYw">μοι</span>
    <span class="word" id="a.MTIwODg0ODAxMTU2NDYw">οὐδὲ</span>
    <span class="word" id="a.NDAzMDYyNTAyNTUwMw==">σεμνύνομαι</span>
    <span class="word" id="a.MTIxOTcwMDI0NTI5MjYx">ἐπέραστος</span>
    <span class="word" id="a.NzY1MTU3MjM5MzMyNjQ=">εἶναι:</span>
    <span class="word" id="a.MjQ4OTU5Mjk3NDc5NjY1">τοιοῦτος</span>
    <span class="word" id="a.MTAyMTQzNjQwNjYxNw==">δὲ</span>
    <span class="word" id="a.MTE3OTQ3NTMwNTgxNzMz">οἷος</span>
    <span class="word" id="a.MjE3OTcxODk3MzYxNDcw">ὁ</span>
    <span class="word" id="a.Mjc1ODAyNjM4NjE2OTY4">Κύκλωψ</span>
    <span class="word" id="a.NzU5NzA3NjM5OTM4OTU=">ἐστί,</span>
    <span class="word" id="a.MjUxOTIwNzM5MjIwNTUw">κινάβρας</span>
    <span class="word" id="a.NjI2MTI5MjA5NDk3MTI=">ἀπόζων</span>
    <span class="word" id="a.NTM5NDMxMzkzMjU4NzY=">ὥσπερ</span>
    <span class="word" id="a.MjE1ODAyNTk0ODY0NTU3">τράγος,</span>
    <span class="word" id="a.MTM0MjQwNDQyOTQwMTcw">ὠμοφάγος,</span>
    <span class="word" id="a.MjU0NzcwODM3OTc2NjE3">ὥς</span>
    <span class="word" id="a.MTU4ODcwMTI2NTA5NzIz">φασι,</span>
    <span class="word" id="a.MTk1NTMxMjk5MzM1NzMw">καὶ</span>
    <span class="word" id="a.ODMyMzQ1OTg3NjcxNDM=">σιτούμενος</span>
    <span class="word" id="a.MTQxMzA1NjM4MTI2NzYx">τοὺς</span>
    <span class="word" id="a.NjIxNjQzNTA3MTg1MDQ=">ἐπιδημοῦντας</span>
    <span class="word" id="a.MjY0MjE3NjY5NDY1OTYx">τῶν</span>
    <span class="word" id="a.MTcwMzAwNTU1MDY3NTYx">ξένων,</span>
    <span class="word" id="a.MTQ4NjA1MzE5NzAzODk5">σοὶ</span>
    <span class="word" id="a.NjMwNDI3NTUwNjU5">γένοιτο</span>
    <span class="word" id="a.MTcyMzIyOTQ1ODU1MDQz">καὶ</span>
    <span class="word" id="a.NzUxNzMyMDE1ODM4NzE=">σὺ</span>
    <span class="word" id="a.MTgyNjg5MzIzMTIxNjc3">ἀντερῴης</span>
    <span class="word" id="a.OTM1MTg5NDI0NTk2Nzc=">αὐτοῦ.</span>
  </p>
</section>
