{
    "title": "Commentaries",
    "author": "Eusebius Pamphylius",

    "title_page": "./title.xml",
    "table_of_contents": "./contents.xml",
    "sections": [
        {
            "title": "On the Psalms",
            "title_page": "./psalms/title.xml",
            "table_of_contents": "./psalms/contents.xml",
            "sections": [
                {
                    "title": "Psalm 91",
                    "text": "./psalms/psalm-91.xml"
                }
            ]
        }
    ]
}