{
    "title": "Dialogues",
    "author": "Lucian of Samosata",

    "title_page": "./title.xml",
    "table_of_contents": "./contents.xml",
    "sections": [
        {
            "title": "Dialogues of the Sea Gods",
            "title_page": "./sea-gods/title.xml",
            "table_of_contents": "./sea-gods/contents.xml",
            "sections": [
                {
                    "title": "Doris and Galatea",
                    "text": "./sea-gods/doris-galatea.xml"
                }
            ]
        },
        {
            "title": "Dialogues of the Dead",
            "title_page": "./the-dead/title.xml",
            "table_of_contents": "./the-dead/contents.xml",
            "sections": [
                {
                    "title": "Diogenes and Alexander",
                    "text": "./the-dead/diogenes-alexander.xml"
                }
            ]
        }
    ]
}