<div id="text-contents">
  <ul style="list-style-type: none">

    <li>
      <h4 style="margin-bottom: 0.5em;">
        <a href="?section=book-1">ΛΟΓΟΣ Αʹ.</a>
      </h4>
    </li>

    <li>
      <h4 style="margin-bottom: 0.5em;">
        <a href="?section=book-2">ΛΟΓΟΣ Βʹ.</a>
      </h4>
    </li>

    <li>
      <h4 style="margin-bottom: 0.5em;">
        <a href="?section=book-3">ΛΟΓΟΣ Γʹ.</a>
      </h4>
    </li>

    <li>
      <h4 style="margin-bottom: 0.5em;">
        <a href="?section=book-4">ΛΟΓΟΣ Δʹ.</a>
      </h4>
    </li>

    <li>
      <h4 style="margin-bottom: 0.5em;">
        <a href="?section=book-5">ΛΟΓΟΣ Εʹ.</a>
      </h4>
    </li>

    <li>
      <h4 style="margin-bottom: 0.5em;">
        <a href="?section=book-6">ΛΟΓΟΣ Ϛʹ.</a>
      </h4>
    </li>

    <li>
      <h4 style="margin-bottom: 0.5em;">
        <a href="?section=book-7">ΛΟΓΟΣ Ζʹ.</a>
      </h4>
    </li>

    <li>
      <h4 style="margin-bottom: 0.5em;">
        <a href="?section=book-8">ΛΟΓΟΣ Ηʹ.</a>
      </h4>
    </li>

    <li>
      <h4 style="margin-bottom: 0.5em;">
        <a href="?section=book-9">ΛΟΓΟΣ Θʹ.</a>
      </h4>
    </li>

    <li>
      <h4 style="margin-bottom: 0.5em;">
        <a href="?section=book-10">ΛΟΓΟΣ Ιʹ.</a>
      </h4>
    </li>

  </ul>
</div>