{
    "title": "The History of the Church",
    "author": "Eusebius Pamphylius",

    "title_page": "./title.xml",
    "table_of_contents": "./contents.xml",
    "sections": [
        {
            "title": "Book I",
            "title_page": "./book-1/title.xml",
            "table_of_contents": "./book-1/contents.xml",
            "sections": [
                {
                    "title": "Chapter 1: What Is the Subject of the Good News?",
                    "text": "./book-1/chapter-1.xml"
                },
                {
                    "title": "Chapter 2",
                    "text": "./book-1/chapter-2.xml"
                },
                {
                    "title": "Chapter 3",
                    "text": "./book-1/chapter-3.xml"
                },
                {
                    "title": "Chapter 4",
                    "text": "./book-1/chapter-4.xml"
                },
                {
                    "title": "Chapter 5",
                    "text": "./book-1/chapter-5.xml"
                },
                {
                    "title": "Chapter 6",
                    "text": "./book-1/chapter-6.xml"
                },
                {
                    "title": "Chapter 7",
                    "text": "./book-1/chapter-7.xml"
                },
                {
                    "title": "Chapter 8",
                    "text": "./book-1/chapter-8.xml"
                },
                {
                    "title": "Chapter 9",
                    "text": "./book-1/chapter-9.xml"
                },
                {
                    "title": "Chapter 10",
                    "text": "./book-1/chapter-10.xml"
                },
                {
                    "title": "Chapter 11",
                    "text": "./book-1/chapter-11.xml"
                },
                {
                    "title": "Chapter 12",
                    "text": "./book-1/chapter-12.xml"
                },
                {
                    "title": "Chapter 13",
                    "text": "./book-1/chapter-13.xml"
                }
            ]
        }
    ]
}