<section class="sc-level-2" style="margin-top: 1em;">
  <h5 style="text-align: center;">
    <span class="word" id="a.NTA4OTg0MDc0MTU4NzI=">αʹ.</span>
  </h5>
  <p>
    <span class="word" id="a.NTA1ODAyMTQ0MzE1OTU=">Ἠρωτήθη</span>
    <span class="word" id="a.MTY0OTk4MzczMTM0MjI5">ὁ</span>
    <span class="word" id="a.ODk3NDQxMTM3NjM0NTg=">ἅγιος</span>
    <span class="word" id="a.MjE2MzE0MDA0NzA2MjE5">πατὴρ</span>
    <span class="word" id="a.MTk0NjIwNTgwMjMxOTQ2">ἡμῶν</span>
    <span class="word" id="a.MjE5NDA1MjYyNTIyODA0">Ἀθανάσιος</span>
    <span class="word" id="a.MjA3MDAxNDc4NzcwNTgz">ὁ</span>
    <span class="word" id="a.MjQ4MjU1OTgyODU4NTk5">ἐπίσκοπος</span>
    <span class="word" id="a.MjMxNDcwMjQwNDQxMjU0">Ἀλεξανδρείας·</span>
    <span class="word" id="a.MjU4Mjk0MzgxNzIxNDgw">Πῶς</span>
    <span class="word" id="a.NzIzNDQzNDE0MDU2MjI=">ἴσος</span>
    <span class="word" id="a.MjgwNTEwMjE1MTQ4OTQz">ὁ</span>
    <span class="word" id="a.NjY1MjI5MTkzMDMzMTI=">υἱὸς</span>
    <span class="word" id="a.OTY4ODgwNjIyNjc2Nzc=">τῷ</span>
    <span class="word" id="a.MTcxMTIyMDU4MjE4OTk=">πατρί;</span>
    <span class="word" id="a.MTc1MzI4NzI0NDMwNzE5">Καὶ</span>
    <span class="word" id="a.Nzk5NDk4OTI2NjQxNDc=">ἀπεκρίθη·</span>
    <span class="word" id="a.MjE4NTAyMzA0MjU1MTM0">Ὡς</span>
    <span class="word" id="a.OTg3OTUxOTM1NTAzMzU=">ἐν</span>
    <span class="word" id="a.NTQzMDQxMzg1NzY1MDA=">δυσὶν</span>
    <span class="word" id="a.MTM4NjMzNDk1NjM5Mjcz">ὀφθαλμοῖς</span>
    <span class="word" id="a.NjY2MDgxODcwNjg1MjE=">τὸ</span>
    <span class="word" id="a.MjY0Nzg1NzM2MjIwOTY0">ὁρᾶν.</span>
  </p>
  <h5 style="text-align: center;">
    <span class="word" id="a.MTA2MDU2MzgwMDgzMDYz">βʹ.</span>
  </h5>
  <p>
    <span class="word" id="a.NTE3NzY3MTk1MzA1NTY=">Ἠρωτήθη</span>
    <span class="word" id="a.MTcwOTQwNjc0MTUxNjUy">ὁ</span>
    <span class="word" id="a.MTYxMTE5OTc1OTUyNDQ2">ἅγιος</span>
    <span class="word" id="a.MTYyNzI2Mzk1ODk0MDk0">πατὴρ</span>
    <span class="word" id="a.MTA4NjAwNTc2ODQzOTgx">ἡμῶν</span>
    <span class="word" id="a.MTY5MTY4MTA0NTMzNDA4">Γρηγόριος</span>
    <span class="word" id="a.ODIzNjY5MzQ1NTE3MjM=">ὁ</span>
    <span class="word" id="a.OTA1NDMwNTQ1MjI1NDY=">θεολόγος·</span>
    <span class="word" id="a.MTA4NTMwNzc2ODkxNTM1">Πῶς</span>
    <span class="word" id="a.MTk5MTk0NDAzMjE1NjM=">ἴσος</span>
    <span class="word" id="a.MTE5MTE1MzIzNDA5MDgz">ὁ</span>
    <span class="word" id="a.OTU3NjEzMzMwNTM2MjQ=">υἱὸς</span>
    <span class="word" id="a.MTEyODU4NzE1Mjg4ODcz">καὶ</span>
    <span class="word" id="a.MTgwMTgyMTkwNDExNjQ=">τὸ</span>
    <span class="word" id="a.NDMwMjUwNDk5NzQ1NDc=">ἅγιον</span>
    <span class="word" id="a.MTI2NTkyMDE4NzcwNzk5">πνεῦμα</span>
    <span class="word" id="a.MjYyMjU3NzIyNzQ0MjA4">τῷ</span>
    <span class="word" id="a.MjcwMzAyNTIyOTMxMjMy">πατρί;</span>
    <span class="word" id="a.MTcxMzg0Njg4MzgzODI4">Καὶ</span>
    <span class="word" id="a.NDUxNzQxODA3Njc5MzM=">ἀπεκρίθη·</span>
    <span class="word" id="a.MjgwMDM4NjkyNTA2MjEz">οἷον</span>
    <span class="word" id="a.MTM3MTE5NjQ3NzA3NDE1">ἐν</span>
    <span class="word" id="a.Mjc1ODU4ODEzNzQ5OTYw">ἡλίοις</span>
    <span class="word" id="a.NzU3MjE5MzAxMzM2Njc=">τρισὶν</span>
    <span class="word" id="a.Mjc0NTIyMjE4NjE3NzMw">ἐχομένοις</span>
    <span class="word" id="a.MTQ4NDAxMjQ4Nzk2OTkz">ἀλλήλων,</span>
    <span class="word" id="a.MTM5NzA3MTM0NDI2OTQz">μία</span>
    <span class="word" id="a.MTUzODc1NjY5MzE3OTgz">τοῦ</span>
    <span class="word" id="a.MTM1OTk2NDUwNTY4OTQx">φωτὸς</span>
    <span class="word" id="a.OTMwNzIyNjE2NzY1MA==">σύγκρασις</span>
    <span class="word" id="a.MjQ3NjM1NDkzMDQ4MTQx">ἡ</span>
    <span class="word" id="a.MjQ2OTI5MDc2MTQzMzgw">θεότης.</span>
  </p>
  <h5 style="text-align: center;">
    <span class="word" id="a.NzE4OTM1NzIxNjk0MjA=">γʹ.</span>
  </h5>
  <p>
    <span class="word" id="a.NTM3MzM4MDY0NjQ5NzE=">Ὁ</span>
    <span class="word" id="a.MjAxMjEyMDA4Nzg3MzUx">αὐτὸς</span>
    <span class="word" id="a.MTUwNDg3MTgyOTM0MDEz">εἶπεν</span>
    <span class="word" id="a.Mjc5OTQ4NDEyMTM0NzI4">ὅτι</span>
    <span class="word" id="a.MjYxMjY3OTAwMzU2NzU=">τὰ</span>
    <span class="word" id="a.MjY1MzI5MTgyOTYzMzQ=">τρία</span>
    <span class="word" id="a.OTA3NTA4MTg1NDg1NjQ=">ταῦτα</span>
    <span class="word" id="a.MTAxMDgyODc4MjY3MTQ1">ἀπαιτεῖ</span>
    <span class="word" id="a.ODM5MTE1NzYyNTE5OTg=">ὁ</span>
    <span class="word" id="a.MzA3Mzk0ODExMjIzNzA=">Θεὸς</span>
    <span class="word" id="a.MjM2MjI3MTYyMzYwNzI3">ἀπὸ</span>
    <span class="word" id="a.MzU0MTI5NTI0NjczMDY=">παντὸς</span>
    <span class="word" id="a.MTEzMDIxNDk3NTE0NjA=">ἀνθρώπου</span>
    <span class="word" id="a.MjM4Mzc2MzEyNDMxODA=">ἔχοντος</span>
    <span class="word" id="a.MTE1ODg4MjUwNzUzNzU0">τὸ</span>
    <span class="word" id="a.MjE1MDIwNjY0NDk4Mzg0">βάπτισμα·</span>
    <span class="word" id="a.MTQ3MTM4Nzc1NDAxMjU=">πίστιν</span>
    <span class="word" id="a.MTUwMTU3MzUxNzY5Mjk=">ὀρθὴν</span>
    <span class="word" id="a.MTYwOTQ5MzYyNzY2Mzcw">ἀπὸ</span>
    <span class="word" id="a.MTk4NTYyOTM0MjQxOTI5">τῆς</span>
    <span class="word" id="a.OTM3NDQ1MTg3OTk5NjI=">ψυχῆς</span>
    <span class="word" id="a.Nzk1ODg1MDUwMTAwNzQ=">καὶ</span>
    <span class="word" id="a.MjU3MDUwNTgwOTM5MDE1">ἀλήθειαν</span>
    <span class="word" id="a.MTkzNjg4NjExNTU0NjU5">ἀπὸ</span>
    <span class="word" id="a.MTY2OTQ3MTc1NzIwNjg0">τῆς</span>
    <span class="word" id="a.MjI3ODU3NDc5ODUzNzQy">γλώσσης</span>
    <span class="word" id="a.NTIyMTMxMTI4ODgyMTY=">καὶ</span>
    <span class="word" id="a.MTYyODA0MzQ0NTk1NjU3">σωφροσύνην</span>
    <span class="word" id="a.MTA5NTY3MTcwNjg4MDQz">ἀπὸ</span>
    <span class="word" id="a.MjM3NDA0OTIyMzY2MzU0">τοῦ</span>
    <span class="word" id="a.NDUxMTY3ODg2OTA3MjE=">σώματος.</span>
  </p>
  <h5 style="text-align: center;">
    <span class="word" id="a.MjI1MTM0OTcxNDYzNzA4">δʹ.</span>
  </h5>
  <p>
    <span class="word" id="a.NTAyNjExMzU5MDc2ODk=">Δύο</span>
    <span class="word" id="a.MTAzMjEyNjk1MjAwMDEy">ἀδελφοὶ</span>
    <span class="word" id="a.NDA4OTg3NzMzMTgwMDM=">ἦσαν</span>
    <span class="word" id="a.Nzg5MzI1MTUxODM4MTA=">γνήσιοι</span>
    <span class="word" id="a.MTQxNjk1NTk5Nzc1MjU1">ἐν</span>
    <span class="word" id="a.MjA0NjM2NTI5MjU0NjQ3">Σκήτει</span>
    <span class="word" id="a.MTg1ODY0OTI5MTQ3MDQz">καθεζόμενοι,</span>
    <span class="word" id="a.MjY5Mzc0ODA5OTI5Nzgy">καὶ</span>
    <span class="word" id="a.Mjk4MTIxNjIyOTkxMTE=">συνέβη</span>
    <span class="word" id="a.MjAzOTg5MzczNzc5MDMy">τὸν</span>
    <span class="word" id="a.MjYwMjU4MzQyNDgxOTU4">ἕνα</span>
    <span class="word" id="a.Mjc2NzY2MTUxNTgwOTM4">ἀσθενῆσαι.</span>
    <span class="word" id="a.MjUwNTgwOTIyNDA2MTAz">Ἐλθόντος</span>
    <span class="word" id="a.MTUyNjE3NTQ3NTMzOTQw">οὖν</span>
    <span class="word" id="a.MTc5NzAzMTMwNTgxMjk5">τοῦ</span>
    <span class="word" id="a.NjI0OTQ3NTY4ODgyODU=">ἀδελφοῦ</span>
    <span class="word" id="a.MTYwNTIwMDk1MzIxMzg1">ἐν</span>
    <span class="word" id="a.MTcyNDk4OTM3NzIyMjE0">τῇ</span>
    <span class="word" id="a.Mjc5ODkzMTMxNzcwODk3">ἐκκλησίᾳ,</span>
    <span class="word" id="a.MTU3ODEzOTcxNjQ2Nzcw">καὶ</span>
    <span class="word" id="a.Nzc3MjgyMDQ4MTU4NjU=">αἰτησαμένου</span>
    <span class="word" id="a.MjIxNjQzMDc0NzAyMDQ4">αὐτοῦ</span>
    <span class="word" id="a.NzIyMzM1NjQxMzcwMTI=">παρὰ</span>
    <span class="word" id="a.OTU1ODcyNTk1NjY0NjI=">τοῦ</span>
    <span class="word" id="a.MTQ2ODgzNDgxNDc4OTcw">πρεσβυτέρου</span>
    <span class="word" id="a.MTk0MTg4MTEwMDk3OTgy">προσφοράν,</span>
    <span class="word" id="a.MjAyMDQ0MTYxOTk4NDEz">ἀκούσας</span>
    <span class="word" id="a.MjIzMjc4NzM4MTE3MzY3">ὁ</span>
    <span class="word" id="a.MTI0NDk3MzAyODUwNjE=">πρεσβύτερος</span>
    <span class="word" id="a.MjQ2NDc5MTM4MDU1Mjg2">λέγει</span>
    <span class="word" id="a.OTkyMzUzOTE1NjA1Nw==">τοῖς</span>
    <span class="word" id="a.MTU4NTg4MzExNzY1NDg4">ἀδελφοῖς·</span>
    <span class="word" id="a.MTU5NzU3NTU0NzUxNzg0">Ἄγωμεν</span>
    <span class="word" id="a.MTc2OTQ5MzA1NDg4ODYw">ἐπισκεψώμεθα</span>
    <span class="word" id="a.NDA4ODgyNjIxNTQ5OTU=">τὸν</span>
    <span class="word" id="a.NTEzODE2MDE5ODc4ODc=">ἀδελφὸν.</span>
    <span class="word" id="a.MTc3NjMyMzQzOTQ4MzQy">Ἐλθόντων</span>
    <span class="word" id="a.MTcxNTcwNDEyNzM1OTE5">οὖν</span>
    <span class="word" id="a.NzcwMDE4NTU4Mzc0NTA=">καὶ</span>
    <span class="word" id="a.Mjc5MDQ5MTI5MjQ1MTk0">εὐξαμένων</span>
    <span class="word" id="a.OTgzMDM4ODgxNTcwNzI=">ἀνεχώρησαν.</span>
    <span class="word" id="a.MTI4OTEwMDYwNTI4NTg4">Πάλιν</span>
    <span class="word" id="a.MjY3NTI3Nzk1ODU0MTgz">οὖν</span>
    <span class="word" id="a.MTk4MjQ0MDkwMTYwOTgw">τὴν</span>
    <span class="word" id="a.MjU2MTAwMDEzMzg2OTU3">ἄλλην</span>
    <span class="word" id="a.NzA1Mjg2MTYxMTczNDY=">κυριακήν,</span>
    <span class="word" id="a.NDIyMDI3NzEyOTE5MTI=">ἐρωτᾷ</span>
    <span class="word" id="a.MTUwODIzNTM4NDMxNDY2">αὐτὸν</span>
    <span class="word" id="a.MTQ0NjEzMTIzNjU1MDIw">ὁ</span>
    <span class="word" id="a.ODYyODI3NDQyOTE3NTE=">πρεσβύτερος</span>
    <span class="word" id="a.MzA3NTIwNTY0NDQ0NTA=">πῶς</span>
    <span class="word" id="a.MTAwMTY1Mjc0ODIxNTM1">ἔσχεν</span>
    <span class="word" id="a.MTcyNDg0Mjk5NzI3Mzgy">ὁ</span>
    <span class="word" id="a.MTkwMjgyMzQ3MjY1NjI0">ἀδελφός.</span>
    <span class="word" id="a.MTg5MjQ5Njc0MDQyMTM0">Ὁ</span>
    <span class="word" id="a.MjE3Mzc4OTY0ODY3ODc3">δὲ</span>
    <span class="word" id="a.MzE5OTEzODI0NzQ5MDg=">φησιν·</span>
    <span class="word" id="a.MzM4NTk3MzcwMjcyOTQ=">Εὔξαι</span>
    <span class="word" id="a.MjIzODI5OTk5ODM3Nzc5">ὑπὲρ</span>
    <span class="word" id="a.MTgzMzQ1OTEzMzcxNjA4">αὐτοῦ.</span>
    <span class="word" id="a.MjQzMjM1MjQyMDg5NTc3">Πάλιν</span>
    <span class="word" id="a.MTk0NjE3Mzc4MzI3NDkz">οὖν</span>
    <span class="word" id="a.NzkwNTAwNDU5MDg4ODk=">ὁ</span>
    <span class="word" id="a.MTMxNTU0NzgwNDMyNDAz">πρεσβύτερος</span>
    <span class="word" id="a.MjcyMTk1Nzk3NDg3NzMy">τοὺς</span>
    <span class="word" id="a.MTQzMzM3OTAzODEzODQy">ἀδελφοὺς</span>
    <span class="word" id="a.MjQ3NDMxMDY0ODg0Njc=">λαβὼν</span>
    <span class="word" id="a.MTMzNDYzOTcxNjA2MjA=">ἐπορεύθη</span>
    <span class="word" id="a.Njg0Mzc3NDQyMjMxNTA=">σὺν</span>
    <span class="word" id="a.MjQ3Mjg1MTQwNTgzODAy">αὐτοῖς</span>
    <span class="word" id="a.Njk2NDkzNDE1NTE0OTY=">πρὸς</span>
    <span class="word" id="a.MTE0MzE2MjE3MTEyNjg3">τὸν</span>
    <span class="word" id="a.NDM3NjY5ODcyNTAzOTE=">κάμνοντα</span>
    <span class="word" id="a.MjcxMjI2MzI3NTI1MDg1">ἀδελφόν.</span>
    <span class="word" id="a.Mjc5MDk1ODM3ODYyNzMz">Ἐλθόντων</span>
    <span class="word" id="a.MjQ5NDA2NDY2Mjg0MTQw">οὖν</span>
    <span class="word" id="a.MTY1MDc0NTEyOTY5OTIw">αὐτῶν,</span>
    <span class="word" id="a.NDI0MTE5ODI2MjQxMjk=">καὶ</span>
    <span class="word" id="a.MTk3NzU2Nzc3ODI5MTE4">ὡς</span>
    <span class="word" id="a.MjU3Mjk5MTc1MDc1NzA4">ἦσαν</span>
    <span class="word" id="a.MjA5NjM3OTM4NDY4NDEy">καθήμενοι,</span>
    <span class="word" id="a.MTE2MTU5Njk4NjAzODM0">ἐκεῖνος</span>
    <span class="word" id="a.MzA1MzY0NTQzMzUzNjk=">ἤμελλεν</span>
    <span class="word" id="a.MTAyNDE0ODkyNDU4MTc0">κοιμᾶσθαι.</span>
    <span class="word" id="a.MTU1NjUyMTA0MDQyODA1">Τῶν</span>
    <span class="word" id="a.MjQ0NTI3ODIzOTQ1ODQ5">δὲ</span>
    <span class="word" id="a.MjUxMTU0NDc0NTIwMzEy">ἀδελφῶν</span>
    <span class="word" id="a.NTA5NDU0Mjg0MzcwNTk=">φιλονεικούντων</span>
    <span class="word" id="a.MjE3NTc2OTQwMzg3NDUz">καί</span>
    <span class="word" id="a.NDgzMTY3ODQ2MDQzMDc=">τινων</span>
    <span class="word" id="a.NzA2OTA3MDQ0Nzg4Njg=">λεγόντων</span>
    <span class="word" id="a.MjQ0NTcxNjMxNjk2Nzc=">ὅτι</span>
    <span class="word" id="a.MTQzNzMwNDY2NTI4NDMy">ἠξιώθη</span>
    <span class="word" id="a.NzYwOTk2OTQ0OTk2OTA=">τοῦ</span>
    <span class="word" id="a.MzUxODkxNjA5MDMzNTA=">παρακλήτου,</span>
    <span class="word" id="a.MTI5Mzg4NjA5Nzk5MjQw">ἄλλων</span>
    <span class="word" id="a.NDI2Mjc3Mzc2NzIyMzY=">δὲ</span>
    <span class="word" id="a.MjA5MjAwNDQ3OTYyMTA3">περὶ</span>
    <span class="word" id="a.MjE3NDA0ODgyMjAxNTk5">τούτου</span>
    <span class="word" id="a.MjMyNjI5ODM3NzA2ODM3">ἀμφιβαλλόντων,</span>
    <span class="word" id="a.MTE3NjIyNTYwMTQ1Mjg4">καὶ</span>
    <span class="word" id="a.MjYxMjkxMTYwNTg0NTEy">βλέπων</span>
    <span class="word" id="a.MTEyMTMwMzE0ODA4MzMz">αὐτοὺς</span>
    <span class="word" id="a.MjE0NTI2MDg0Mzc2MDAw">ὁ</span>
    <span class="word" id="a.MjMwMTAzOTkyOTY1Mjc=">ἀδελφὸς</span>
    <span class="word" id="a.MjQzMjgwMzQ4NzE5NzEy">αὐτοῦ,</span>
    <span class="word" id="a.MTIyODI1NjAyNjgyNjA4">ἔφη</span>
    <span class="word" id="a.MjM4NDY0MDMxOTExNTc2">πρὸς</span>
    <span class="word" id="a.MzM4NzM5OTQ5OTIwOTc=">αὐτούς·</span>
    <span class="word" id="a.MjI4MzU4MjExNDMzMzE4">Τί</span>
    <span class="word" id="a.MTAzNjU3ODI5MDMyMTUw">φιλονεικεῖτε</span>
    <span class="word" id="a.MTI1MjMzMTE5MzQzOTEy">πρὸς</span>
    <span class="word" id="a.MjY3NDU4NDgyNzI0Nzk4">ἀλλήλους;</span>
    <span class="word" id="a.MTkxODYwNzE4NjQ0MDMy">θέλετε</span>
    <span class="word" id="a.MTIxNzY2NjY4OTM0MDQ2">γνῶναι</span>
    <span class="word" id="a.NTIzNzQ1NTg0NjExOTY=">τίς</span>
    <span class="word" id="a.MjQwMDY2NTkxODkyODkx">ἔχει</span>
    <span class="word" id="a.MTA2MDEzOTIzOTAzNDgx">τὴν</span>
    <span class="word" id="a.MTcxMzk4NDQyNjM5NDQ2">δύναμιν;</span>
    <span class="word" id="a.ODc5MTMyNzI4NTQzOTE=">Καὶ</span>
    <span class="word" id="a.NTYzMTQ3NTkzMzI5MDc=">στραφεὶς</span>
    <span class="word" id="a.MjE3NzM1NDM4ODQ1Mjkx">πρὸς</span>
    <span class="word" id="a.NjA2MDkzMjUzNDY3OTE=">τὸν</span>
    <span class="word" id="a.MjYxNzQ4NDY4NDQ5MDM2">ἀδελφὸν</span>
    <span class="word" id="a.MTU2MTQxMDU4OTM0MDAz">αὐτοῦ,</span>
    <span class="word" id="a.MTUzNjQxOTQ1NjgwMzQ2">ἔφη</span>
    <span class="word" id="a.NjQ0OTc1NjUzMTAyNjU=">πρὸς</span>
    <span class="word" id="a.MTQ3OTY0NDU4MzkwNzYz">αὐτόν·</span>
    <span class="word" id="a.MTk5NDUwNjUxOTQwNzEx">Ὑπάγεις</span>
    <span class="word" id="a.MjE4ODAwOTU5MzI2MTcy">ἀδελφέ</span>
    <span class="word" id="a.MjA3MzMyMjMwNDc4NTgx">μου.</span>
    <span class="word" id="a.MTY1OTkzNDU4NzcyNDc5">Ὁ</span>
    <span class="word" id="a.MTcyMzMyNTQ2NjAyNzEx">δὲ</span>
    <span class="word" id="a.MTMxMzk5NjIzOTAwNTI1">ἀσθενῶν</span>
    <span class="word" id="a.NDE5NzA4NjY2MTY3ODA=">ἔφη·</span>
    <span class="word" id="a.NjY0OTYzNjY4NzU5NTA=">Ναί,</span>
    <span class="word" id="a.MjQ4NTUyOTExMjcyNjA4">ἀλλ᾿</span>
    <span class="word" id="a.NjkyMDQyMjM3MTU4MTQ=">εὖξαι</span>
    <span class="word" id="a.NDU5MTg3NzAxOTAyMw==">ὑπὲρ</span>
    <span class="word" id="a.MTkyMjkyNzk0NTYyOTAz">ἐμοῦ.</span>
    <span class="word" id="a.MjExOTQ2MTAzNTI4NDE1">Ὁ</span>
    <span class="word" id="a.NzY0Mzg5MjgyODcxODE=">δὲ</span>
    <span class="word" id="a.MjA0OTE5MjgyMTMzNDAz">πρὸς</span>
    <span class="word" id="a.OTAwMzQzNjA2MTY2NTc=">αὐτὸν</span>
    <span class="word" id="a.NDA1NTM3NDY2NDYzMzU=">ἔφη·</span>
    <span class="word" id="a.MTQ3Mzc1MzI2NjQyMjA1">Φύσει,</span>
    <span class="word" id="a.MTc2ODExMjk5MTQwMjYz">ἀδελφέ</span>
    <span class="word" id="a.MTUzMzEzMzY2NDM1Mzcz">μου,</span>
    <span class="word" id="a.MzIyNzEyMzE4NTU3MDU=">οὐκ</span>
    <span class="word" id="a.NTc3NzY2NzY0MjU0MDg=">ἀφῶ</span>
    <span class="word" id="a.MTcyMzg3NzM3NTAwNzk3">σε</span>
    <span class="word" id="a.NjIzNTc0MzM3MzY2Nzc=">ἀπελθεῖν</span>
    <span class="word" id="a.MTk4NTM4MjA5NTE4MzA1">πρὸ</span>
    <span class="word" id="a.MzI1Mzg5OTY3NDI4MA==">ἐμοῦ.</span>
    <span class="word" id="a.MTA2MzI3MTY1MDY5MzM3">Καὶ</span>
    <span class="word" id="a.NTcwMzI1ODAxOTg4MzY=">στραφεὶς</span>
    <span class="word" id="a.MjAxMTMzODQ0NDY5ODM2">πρὸς</span>
    <span class="word" id="a.MjgxMzU2MDMwNTA3MjM=">τοὺς</span>
    <span class="word" id="a.MjAwOTA0NDk5NjA0OTY1">καθημένους</span>
    <span class="word" id="a.MjM1MDI3NjEzNzMwMzc=">ἀδελφοὺς</span>
    <span class="word" id="a.ODIyNTQ4NTEwMDU4MzE=">ἔφη·</span>
    <span class="word" id="a.ODY3MTgyMTU4OTExNTE=">Δότε</span>
    <span class="word" id="a.MjQxNTU5ODM3MzI5Nzc5">μοι</span>
    <span class="word" id="a.MjQ2Njk2ODUxMjI5Mjg4">ψιάθιν</span>
    <span class="word" id="a.MjIxMjAxMzExNjA5NTkw">καὶ</span>
    <span class="word" id="a.MjQ2MjEyODEzNzEzMTk0">ἐμβρίμιν.</span>
    <span class="word" id="a.MjI5NTEyOTYyMjk5Nzc1">Καὶ</span>
    <span class="word" id="a.MTg3NjQyNjY3MTYyNDM0">λαβὼν</span>
    <span class="word" id="a.MTQ0NTQ2MzkzOTYwNDc1">καὶ</span>
    <span class="word" id="a.NDc3MTIxNzY1MTU4Njg=">κλίνας</span>
    <span class="word" id="a.MTEzMzkxNDgzNTY5ODA2">τὴν</span>
    <span class="word" id="a.MTI5OTE0NDQyNTk4OTA5">κεφαλήν,</span>
    <span class="word" id="a.MjEyMDk0MTk5MjQzODgy">παρέδωκε</span>
    <span class="word" id="a.MjE1NDYyNTI4NzQ1Nzk=">πρῶτος</span>
    <span class="word" id="a.Mjc5OTAxNjYwNjQ0Nzcw">τὴν</span>
    <span class="word" id="a.NzczNDI0MTM2NDQxNjE=">ψυχήν,</span>
    <span class="word" id="a.MTkzMzI1Njg0NTQzOTA5">ἔπειτα</span>
    <span class="word" id="a.MTkwNjU2OTgwNDY1NDU1">ὁ</span>
    <span class="word" id="a.MTA1NzUyNTM0ODg3NTE=">ἀσθενῶν.</span>
    <span class="word" id="a.MjE0NzczNTA2NzEyNTMz">Καὶ</span>
    <span class="word" id="a.MTY0MDA1MDI3ODg4NzMz">εὐθέως</span>
    <span class="word" id="a.MTQzNDA5NTc1OTM3OTQ0">ἀμφοτέρους</span>
    <span class="word" id="a.MzYyNDYzNzQ4OTU0NjA=">κηδεύσαντες</span>
    <span class="word" id="a.MTMyNzQyNDE3MDA1MDM1">οἱ</span>
    <span class="word" id="a.MTg4MjcxNzQ1NjM1MDQ3">πατέρες,</span>
    <span class="word" id="a.MTI0MDM0MjQ0NDMxMzMy">ἀπήνεγκαν</span>
    <span class="word" id="a.MTkzODAxNDc5MTEwMTA4">καὶ</span>
    <span class="word" id="a.MTk0NzY1OTA2NjI1NDMx">ἔθαψαν</span>
    <span class="word" id="a.ODU4NzkzMTAyNDg5ODU=">μετὰ</span>
    <span class="word" id="a.MTYyNDQ2MDM2NDI1MTA2">χαρᾶς,</span>
    <span class="word" id="a.Nzk5MzI4MzcwMzgzMTE=">ὅτι</span>
    <span class="word" id="a.MjQ4NjY4NTUxMjgxNTU=">ἀπειλήφασι</span>
    <span class="word" id="a.NzkzMDAyNjUyNDU3MTA=">τὸ</span>
    <span class="word" id="a.MjY3NTM4NDM3Nzk3OTY3">φῶς</span>
    <span class="word" id="a.MjQ2MzgwMjQ3MzYyNDg4">τὸ</span>
    <span class="word" id="a.MTY5MzQ1ODczNzQzMDk=">νοητόν.</span>
  </p>
  <h5 style="text-align: center;">
    <span class="word" id="a.MTA2MTkzODc4OTg0NDg1">εʹ.</span>
  </h5>
  <p>
    <span class="word" id="a.MTkzNzg1MDY5NzY4NjAx">Δύο</span>
    <span class="word" id="a.OTU3NDkxNTY5MjA4NTI=">ἦσαν</span>
    <span class="word" id="a.MjUxOTU2ODAxMDY0ODA3">ἀδελφοὶ</span>
    <span class="word" id="a.OTg2NjUwMTA5MDA5MDg=">ἅμα</span>
    <span class="word" id="a.MTgzMzA2MDQwOTk4MzY5">οἰκοῦντες</span>
    <span class="word" id="a.OTg0Njk1NDM3NzkyOTg=">ἐν</span>
    <span class="word" id="a.MTE2MzA1MTg4MTc4MQ==">τῇ</span>
    <span class="word" id="a.MTk1OTM4MjkxODQ3MzY5">ἐρήμῳ.</span>
    <span class="word" id="a.MTc0NDY1OTgwMjE4ODIy">Ὁ</span>
    <span class="word" id="a.MjIzNjA0MjU3ODU1OTQx">δὲ</span>
    <span class="word" id="a.MTMzMDgxNjY1Njg2Mzcx">εἷς</span>
    <span class="word" id="a.MjExMzk2NjU1NDI5MjQ5">ἐξ</span>
    <span class="word" id="a.MzU2MzE3NDgzMDAyMjM=">αὐτῶν</span>
    <span class="word" id="a.MjY5NzY0NTAzMDM0NDc5">ἡνίκα</span>
    <span class="word" id="a.MTI0NjE3MTc2Nzc2MjA5">ἀνεμνήσθη</span>
    <span class="word" id="a.NzI2MTUwNzY5MDI0Mzc=">τοῦ</span>
    <span class="word" id="a.MTY5NjA4MjM0OTMxOTA5">κρίματος</span>
    <span class="word" id="a.MTE4NTkyMTA0MDg2Njc3">τοῦ</span>
    <span class="word" id="a.MjM4MTU2OTgxNDk3NTMx">Θεοῦ</span>
    <span class="word" id="a.MjY1MjY2MzMyMDQ0MzYx">πολλοστὸν</span>
    <span class="word" id="a.MjM0NDMzMDU4NjAzMzQ0">ἀπέδρα</span>
    <span class="word" id="a.MTc3NTA0NDIyNjQyMTkz">εἰς</span>
    <span class="word" id="a.Mzc5NjI0MTA2MzgxMDk=">τὴν</span>
    <span class="word" id="a.NTc3MTY1NDExMDc3MDM=">ἔρημον</span>
    <span class="word" id="a.MjQyMTAwNjE5NDM5MjQ3">πλαζόμενος.</span>
    <span class="word" id="a.OTEzNTczNTg2ODc2NDc=">Ὁ</span>
    <span class="word" id="a.NjY1MTk0MDY5OTY0ODI=">δὲ</span>
    <span class="word" id="a.MjQ0MDA0MjM2MjY4MzA1">ἕτερος</span>
    <span class="word" id="a.OTg3NDE1NDc5ODAxMzA=">ἐξήρχετο</span>
    <span class="word" id="a.MjA3OTE2MjAyMTU3NjY1">ὀπίσω</span>
    <span class="word" id="a.NDk3NjMyODQ5MDI5MTU=">αὐτοῦ</span>
    <span class="word" id="a.MTg1MTA5NDk1MjM3ODkx">ζητῶν</span>
    <span class="word" id="a.MTczMDEyMTgwNDM1NzMx">αὐτόν.</span>
    <span class="word" id="a.MTc3NTY2OTQyMzc5NzE0">Καὶ</span>
    <span class="word" id="a.MjEyMDcwMzg2NTU0OTU3">πολλὰ</span>
    <span class="word" id="a.MjYxNTMwMDIyNjc0MTc4">κάμνων</span>
    <span class="word" id="a.ODkyMDcxMDU4OTU5">ἕως</span>
    <span class="word" id="a.Njk4NDc2MDY4NTM0NzY=">οὗ</span>
    <span class="word" id="a.MTA3Mzc2MjEwMTM4ODQ3">εὕρῃ</span>
    <span class="word" id="a.MzU4ODgwOTQzNTkxNA==">αὐτόν,</span>
    <span class="word" id="a.MTE5NDk3OTA0Mjg1NDg=">λέγει</span>
    <span class="word" id="a.MjA1MzkxODA5NzE5Mjky">αὐτῷ·</span>
    <span class="word" id="a.MzQxMzY2OTE3NDMyMDM=">Διατί</span>
    <span class="word" id="a.MjQ3NTcyODM4OTA0OTQ5">οὕτως</span>
    <span class="word" id="a.MjMyMzUwMjE4ODc1NzE1">ἀποδιδράσκεις</span>
    <span class="word" id="a.MjA2ODA0NjIyNTU2MDU5">ἔξω;</span>
    <span class="word" id="a.MjA0NzAwODU3NDQyNzc2">Σὺ</span>
    <span class="word" id="a.MTU5NTU5NTc4Nzk1NDI=">μόνος</span>
    <span class="word" id="a.MjU5NzAwNjQxOTYxODky">ἐποίησας</span>
    <span class="word" id="a.OTAxNDkwNjgxMDEwMTY=">τὰς</span>
    <span class="word" id="a.MTQ3Nzc2NDUxOTg3MjE4">ἁμαρτίας</span>
    <span class="word" id="a.MTQwNzQ2NjgzMDcyOTU3">τοῦ</span>
    <span class="word" id="a.MTQzODI0NjExODQ4NTMz">κόσμου;</span>
    <span class="word" id="a.MTM1MTgwMzAzODMzMzg3">Λέγει</span>
    <span class="word" id="a.MTQyMDgzNjgyNjM2NzUy">αὐτῷ</span>
    <span class="word" id="a.MTg4MjE2NDY4MDAwNjA0">ὁ</span>
    <span class="word" id="a.MjQ0OTAzODA2NTg3NDgz">ἀδελφός·</span>
    <span class="word" id="a.MTE1Mzg2Njk4Njg0NDQ4">Νομίζεις</span>
    <span class="word" id="a.MjQyOTU4MTY1OTA0NTk3">οὐκ</span>
    <span class="word" id="a.OTIyODQ0Njc2MzgyOTI=">οἶδα</span>
    <span class="word" id="a.MTUwMDc2MzM2MzkxNjI5">εἰ</span>
    <span class="word" id="a.MjE3NzkwMTA5MjYzODM0">ἀφέθησαν</span>
    <span class="word" id="a.Mjc2NDQwNjQwNjU2NDI5">αἱ</span>
    <span class="word" id="a.MTMzMDg4ODAyMzIxMjY0">ἁμαρτίαι</span>
    <span class="word" id="a.MjE3NTk2Mzk2OTg5OTc4">μου;</span>
    <span class="word" id="a.MjQyMjU4ODA2NzY5OTQ2">Ναὶ</span>
    <span class="word" id="a.MjM5MDE0MjY0MTAwMzkx">οἶδα</span>
    <span class="word" id="a.MTg0Mjk4NDQ5NDc2Mjgz">ὅτι</span>
    <span class="word" id="a.MTQ5OTMxNDA5MTk2ODg=">ὁ</span>
    <span class="word" id="a.ODMyNzAxNTg1MzAzMjQ=">Θεὸς</span>
    <span class="word" id="a.MTczMTcxODEwMzQzNTM1">συνεχώρησε</span>
    <span class="word" id="a.MTQ0MDkwODEwNjEzMDA0">τὰς</span>
    <span class="word" id="a.MzEwMDgzNTU1NjQ5MTE=">ἁμαρτίας</span>
    <span class="word" id="a.MjYyMTA2NDY0NDQ4MzQ3">μου,</span>
    <span class="word" id="a.Mjk4MTUzNjU3NzYyMDM=">ἀλλὰ</span>
    <span class="word" id="a.MjIyMjgzOTQ1NTI3ODE4">τὸν</span>
    <span class="word" id="a.NzYzODc2NjY2MzI2NDk=">μόχθον</span>
    <span class="word" id="a.MTgzNzQzMTYwMjQyMTcz">τοῦτον</span>
    <span class="word" id="a.MTkyOTE0OTQ4OTk2NzMw">ποιῶ</span>
    <span class="word" id="a.MTkzMDc0Njg4MjA0MTI5">ἵνα</span>
    <span class="word" id="a.MjA5ODI3OTAwMTY5Mw==">ἐν</span>
    <span class="word" id="a.MjYzMDY2OTg4MTU1NjM4">ἡμέρᾳ</span>
    <span class="word" id="a.MTIzNTAxMDI1NDU1Mjgz">κρίσεως</span>
    <span class="word" id="a.NDU5NjAyMzAxMDU0Nzc=">γένωμαι</span>
    <span class="word" id="a.MTczNTkwODA3OTAyNjQ=">θεωρῶν</span>
    <span class="word" id="a.MTk2NjAyMjQ1NzMxNzM5">τοὺς</span>
    <span class="word" id="a.MjU5ODgwNjQ4NTA2Njc=">κρινομένους.</span>
  </p>
  <h5 style="text-align: center;">
    <span class="word" id="a.Mjg4NTkxODYyODEwNDE=">Ϛʹ.</span>
  </h5>
  <p>
    <span class="word" id="a.MjI1ODYzNzg0NzEyMjAw">Ἦσαν</span>
    <span class="word" id="a.ODczNjk1NDcwMDIwMg==">δύο</span>
    <span class="word" id="a.MzAyMjM0Njk4MzIwMzU=">ἀδελφοὶ</span>
    <span class="word" id="a.MTg0NzQxNTUyMzAwNzA3">γειτνιῶντες</span>
    <span class="word" id="a.NzM1MTkxNjkyMDI0MjA=">ἀλλήλοις</span>
    <span class="word" id="a.MTU1MjIzMjAyNjcxMjkx">καὶ</span>
    <span class="word" id="a.MjczMTY0NTQxODc2NjA2">ὁ</span>
    <span class="word" id="a.MjQyNDc0MjQ4OTY2NDU3">εἷς</span>
    <span class="word" id="a.MTk4NDY5NDIxMTk1NzUy">ἐξ</span>
    <span class="word" id="a.MTgzMTQ5MjYzMDk4NTg5">αὐτῶν</span>
    <span class="word" id="a.Njg2NzMyMzM1MjkxNjE=">ἔκρυπτεν</span>
    <span class="word" id="a.MjIzNTA3NTA4NDU2OTgy">εἴ</span>
    <span class="word" id="a.MjA3MzA4NjUzNTg2MDUx">τι</span>
    <span class="word" id="a.NzIxNzQ4Njg5Mjg3MjA=">εἶχεν,</span>
    <span class="word" id="a.MjY5ODkzMTQxMDA5ODY0">εἴτε</span>
    <span class="word" id="a.NjI0OTQ3MTU0MjAyODg=">κέρμα,</span>
    <span class="word" id="a.MjI4MjIwMTA3Mzk2NDQz">εἴτε</span>
    <span class="word" id="a.MTA4MzMxNzc3NzU1NTc4">ψωμία,</span>
    <span class="word" id="a.MTUyNjEzOTk4NzM0MDM0">καὶ</span>
    <span class="word" id="a.NzY2MjM0OTExODAwMDQ=">ἐνέβαλεν</span>
    <span class="word" id="a.MjEwMzI4MDQ5NjMwNzM2">εἰς</span>
    <span class="word" id="a.NzY3ODMxOTkwMzE2Mjk=">τὰ</span>
    <span class="word" id="a.NTI1NzI0MTg1MTAzODg=">τοῦ</span>
    <span class="word" id="a.MjE3NjIwMjIwOTU0NzIx">πλησίον</span>
    <span class="word" id="a.MTk0NDA5ODYyNzQxOTU=">αὐτοῦ·</span>
    <span class="word" id="a.MTM3NzEyODExMDI0ODE1">καὶ</span>
    <span class="word" id="a.MTMxMDA2MTMxNDYwNjYw">οὐκ</span>
    <span class="word" id="a.NDE2NjY0ODcyNzM0MDE=">ᾔδει</span>
    <span class="word" id="a.MjEwNDcwMzk1OTQ2NjEy">ὁ</span>
    <span class="word" id="a.NDQ1NzE5ODAxNzgwNA==">ἄλλος,</span>
    <span class="word" id="a.MjIyMzUwMTE4NzY2MzE3">ἀλλ᾿</span>
    <span class="word" id="a.Mjc2NzQ0ODY2MTcwMDU1">ἐθαύμαζεν</span>
    <span class="word" id="a.NzczNjg3Njg4MzUyMQ==">ὅτι</span>
    <span class="word" id="a.OTUyMjg2MDI4Mzc0NDM=">ἐπληθύνοντο</span>
    <span class="word" id="a.OTk3OTk2MjY5ODMwOTk=">τὰ</span>
    <span class="word" id="a.MzM1MzkzNjM5MTMzMg==">αὐτοῦ.</span>
    <span class="word" id="a.MTgwNDEyODg0NTk5MDA0">Μιᾶς</span>
    <span class="word" id="a.MTk3MjIzODA2MDc3NTY=">οὖν</span>
    <span class="word" id="a.MjE1MDIyMzExODg2MTU3">τῶν</span>
    <span class="word" id="a.NzY1MTgzODc0NDI2NTY=">ἡμερῶν,</span>
    <span class="word" id="a.MTYyMTUyNTA5MjM0MzA2">ἔφθασεν</span>
    <span class="word" id="a.NzMxMzQ1OTE1NzMzOTY=">αὐτὸν</span>
    <span class="word" id="a.MTQyMjUyNTM5NjI1NDIz">αἰφνιδίως</span>
    <span class="word" id="a.ODg5OTE5ODk2MTk5NA==">τοῦτο</span>
    <span class="word" id="a.MjA0NzYxNzI5NTYyOTg4">ποιοῦντα,</span>
    <span class="word" id="a.MTIyNTAwNjYwMzYxMzA1">καὶ</span>
    <span class="word" id="a.OTExMjI1ODU1ODkwNDU=">ἔβαλε</span>
    <span class="word" id="a.MTY2MDEyMjUwMzk0MDk2">μάχεσθαι</span>
    <span class="word" id="a.MTk3OTY0Mjk5ODUxMTE4">μετ᾿</span>
    <span class="word" id="a.MjQ3MTAwMzEyMTgyMzU0">αὐτοῦ</span>
    <span class="word" id="a.MzkwNTE0ODk4NDA3Mjg=">λέγων·</span>
    <span class="word" id="a.MTYxMjIwMzM0NjQwNDQx">Ὅτι</span>
    <span class="word" id="a.MzM1MDg0OTk0NzQ4OTY=">διὰ</span>
    <span class="word" id="a.NTMxNTY5MjA1MTM5MDE=">τῶν</span>
    <span class="word" id="a.MjgxNDMzNzA1NDgyMzg2">σαρκικῶν</span>
    <span class="word" id="a.NDQ5NzcwMTAxNTEwODA=">σου</span>
    <span class="word" id="a.MTgwMDY0ODc0MjE1MjA=">ἐσύλησάς</span>
    <span class="word" id="a.MTUyNDAyOTU3Njk5MDE3">μου</span>
    <span class="word" id="a.MTE3ODgyNzM3NTgzMDY=">τὰ</span>
    <span class="word" id="a.NzY1OTE3OTUzODg0OTk=">πνευματικά.</span>
    <span class="word" id="a.MTY0NzQ0MzE0NzY1NTcz">Καὶ</span>
    <span class="word" id="a.MjExNzA5MTEyMTk2OTEy">ἀπῄτησεν</span>
    <span class="word" id="a.NTM5MTQ1NzMzMTg3Mjc=">αὐτῷ</span>
    <span class="word" id="a.NzEyMjMwMjcxMzgxMQ==">λόγον,</span>
    <span class="word" id="a.MjUwNTM5MjMwNzIxMzMy">ἵνα</span>
    <span class="word" id="a.ODgzOTcyODgxNTA1ODg=">μηκέτι</span>
    <span class="word" id="a.MTY4MjgzMjc2NTQ3MTA4">τοῦτο</span>
    <span class="word" id="a.MjQ5NjYyODAwODI0NjU4">ποιήσῃ,</span>
    <span class="word" id="a.MjU2MTIwMjg3ODc3MDE=">καὶ</span>
    <span class="word" id="a.NzA1NzMxMDA3OTk5NzU=">οὕτως</span>
    <span class="word" id="a.NTEyNzM1NDk0MzgwMzk=">αὐτῷ</span>
    <span class="word" id="a.Njc4MDEyODQzNzc3NA==">συνεχώρησεν.</span>
  </p>
  <h5 style="text-align: center;">
    <span class="word" id="a.OTU4OTYwOTY2NTYyMDA=">ζʹ.</span>
  </h5>
  <p>
    <span class="word" id="a.MTUxOTc3OTM2MjU0NTI4">Ἀδελφός</span>
    <span class="word" id="a.MjAzMTE1NzUyNTEzMjA=">τις</span>
    <span class="word" id="a.NTg0MDM2NzA3MjU3OTU=">ἐποίησεν</span>
    <span class="word" id="a.MTc2MTI2NDE0ODU4MTkz">ἀντίκλειδον</span>
    <span class="word" id="a.MjgxMzE5NzU5NzIxOTg2">καὶ</span>
    <span class="word" id="a.MTcxMjM2NzMzNTY5NjE=">ἤνοιγεν</span>
    <span class="word" id="a.NDczOTMwMTk0ODY5ODU=">ἑνὸς</span>
    <span class="word" id="a.MTM0ODg4NjA2NzIwMDc=">τῶν</span>
    <span class="word" id="a.MTc4MTc0MTQxNzM1MDY5">γερόντων</span>
    <span class="word" id="a.MjQ2OTU3NDI4ODA3NTEz">τὸ</span>
    <span class="word" id="a.MTM2MTI1NDU0MzgxNzE3">κελλίον</span>
    <span class="word" id="a.NjEzMTI4Njc5NTg0ODg=">καὶ</span>
    <span class="word" id="a.MTg0MDM4NzI1OTAwOTcx">ἐλάμβανε</span>
    <span class="word" id="a.ODU3MzgxODM3MDkwNjE=">τὸ</span>
    <span class="word" id="a.MjI3NjY3MTI0Mzg3Nzk4">κέρμα</span>
    <span class="word" id="a.OTU1MjI3MzcwMDMwMzc=">αὐτοῦ.</span>
    <span class="word" id="a.MTg4MTM0NTM4MjE3MjQ4">Ὁ</span>
    <span class="word" id="a.NjA5Mzc5NDk3MjU2MDY=">δὲ</span>
    <span class="word" id="a.NTM4ODM1OTIyMjU2NTk=">γέρων</span>
    <span class="word" id="a.MTkwNTY5NTYxNDM2NDY4">ἔγραψε</span>
    <span class="word" id="a.MTk1ODY1NjQ5ODgxNzMx">χάρτην</span>
    <span class="word" id="a.MjA2NTkyMjUzMzI0MzE0">λέγων·</span>
    <span class="word" id="a.OTM5MTA0MTE4MzczNzY=">Κύρι</span>
    <span class="word" id="a.MjQ4MzgzODYzMzg1NTA4">ἀδελφέ,</span>
    <span class="word" id="a.MTkyMzY2Mjg2MzgzMTEx">εἴ</span>
    <span class="word" id="a.MTgwMTM5NDYwODg5Mzg4">τις</span>
    <span class="word" id="a.NDE0MzYxNjAxNjkyNTg=">ἐὰν</span>
    <span class="word" id="a.MjU3OTY3MzM5MTU5NDk5">ᾖ,</span>
    <span class="word" id="a.MTQxMjA0ODE4MjUwMjI0">ποίησον</span>
    <span class="word" id="a.Njg4Mjk5MzA1NzMzMzI=">ἀγάπην,</span>
    <span class="word" id="a.NjEyNjEzNzk2MjQxOTQ=">ἄφες</span>
    <span class="word" id="a.MTU5MzExMDI3NDY1Mjk=">μοι</span>
    <span class="word" id="a.MTc2MzMzOTIwMjYwODU0">τὸ</span>
    <span class="word" id="a.Mjc1MDg0ODY1NjE5Mzcw">ἥμισυ</span>
    <span class="word" id="a.Nzg4MDA3NTM3Nzg4MTM=">εἰς</span>
    <span class="word" id="a.MTQ0NzMyMzU4OTE3NTQx">τὴν</span>
    <span class="word" id="a.MjcyMTY4ODE3NTk5NTAw">ἐμὴν</span>
    <span class="word" id="a.ODM1NzU3MTkzNzg3OTk=">χρείαν.</span>
    <span class="word" id="a.MTQ5OTU2ODUzMjU3MzU1">Καὶ</span>
    <span class="word" id="a.MjYyNzEzOTYwNTk3ODc5">ποιήσας</span>
    <span class="word" id="a.NDg4MjUwMzY3MDk4OTg=">τὸ</span>
    <span class="word" id="a.ODMzMjEwOTM5NDI3NDc=">κέρμα</span>
    <span class="word" id="a.MTQ2NDA5NjM0NzIwNjQw">δύο</span>
    <span class="word" id="a.MTQ4MjA4MzM4OTQzMzkw">μέρη,</span>
    <span class="word" id="a.MTg4MjA5NDQwMjAxMDUx">ἔθηκε</span>
    <span class="word" id="a.MTU1MDM0NzY1NjYwNzA1">τὸ</span>
    <span class="word" id="a.ODEwMzk0MzE5MzM0MDY=">χαρτίον.</span>
    <span class="word" id="a.ODY0MjAyOTUxMDE4NjY=">Ὁ</span>
    <span class="word" id="a.MTkwMjU4MjI0MzUxOTkx">δὲ</span>
    <span class="word" id="a.MTQ0ODY5Njc5NDYwMzEz">πάλιν</span>
    <span class="word" id="a.MTc4MTI5NjQ3ODgzMjg0">εἰσελθών,</span>
    <span class="word" id="a.MjE2Mjc3ODE2NTEzMTgx">σχίσας</span>
    <span class="word" id="a.MjEyNDMzNjM2MTM2NTE0">τὸ</span>
    <span class="word" id="a.MTQ2NzEzOTc1MTIzNjMz">χαρτίον</span>
    <span class="word" id="a.OTQ5MzgyOTg4NjExMzg=">ἔλαβεν</span>
    <span class="word" id="a.MTI3ODY1OTk3MTczNjg1">ὅλον.</span>
    <span class="word" id="a.MjkzNDI1Njk3NTQwNzI=">Εἶτα</span>
    <span class="word" id="a.MTgzODE1MjAyNDE1Nzk3">μετὰ</span>
    <span class="word" id="a.Mjc0MDAyOTA3NDIwNzYy">δύο</span>
    <span class="word" id="a.MjI2NDA3MTQyODkyMzIy">ἔτη</span>
    <span class="word" id="a.MzM2ODI5NjQ4ODEwMjY=">τελευτᾷ,</span>
    <span class="word" id="a.MTcwMjQxNTM5ODc5MDUx">καὶ</span>
    <span class="word" id="a.MTkwMjI4MDAyNDY2NDM=">ἡ</span>
    <span class="word" id="a.MTYyNTY0NTA3NzEzNTg0">ψυχὴ</span>
    <span class="word" id="a.MjA1MjMzODc4OTQ0NjQ=">αὐτοῦ</span>
    <span class="word" id="a.MjA5MDM4OTA3MTY4NjM1">οὐκ</span>
    <span class="word" id="a.NjY4MzExNjUzODk3NTY=">ἐξήρχετο.</span>
    <span class="word" id="a.MjU0NzQxOTc0MjYxNjI2">Τότε</span>
    <span class="word" id="a.NDU3NjE4NjU4MDI4OTU=">καλέσας</span>
    <span class="word" id="a.MTkyNjA2OTMyNTU3NTUy">τὸν</span>
    <span class="word" id="a.MTUxMDcwNTY3MTczMDI2">γέροντα</span>
    <span class="word" id="a.MjcxMTE2ODQ4ODgyNzk2">λέγει·</span>
    <span class="word" id="a.NzYzMjEyNTI0NjM4NDI=">Εὖξαι</span>
    <span class="word" id="a.MjczNDEzNzg4OTYyMzg0">ὑπὲρ</span>
    <span class="word" id="a.MjQ2MTA0MDEwNDQ2OTQ2">ἐμοῦ,</span>
    <span class="word" id="a.MTM2NDM3Nzc1OTg4Mzg1">πάτερ.</span>
    <span class="word" id="a.MTgyNjUyMTcyMzI2NTYy">Ἐγὼ</span>
    <span class="word" id="a.MzI3NDExMTQ4OTQ1MTc=">γὰρ</span>
    <span class="word" id="a.MTQ2ODMxMTEzNzQ1OTUw">ἤμην</span>
    <span class="word" id="a.MjQ4NzY5NTI4NjA3MTI=">ὁ</span>
    <span class="word" id="a.MTA5NTY5MDI1NDQxODk4">κλέπτων</span>
    <span class="word" id="a.MjgwMzE3NDk0NTE2MzQy">σου</span>
    <span class="word" id="a.MjA5MjM2Mzg2Njg3MDkx">τὸ</span>
    <span class="word" id="a.MjQ0Njk0MzgyMTUzMTQ3">κέρμα.</span>
    <span class="word" id="a.MjE0NzQ1NTk5MjYwODIw">Καὶ</span>
    <span class="word" id="a.NDYyMTY3NTQ3MTI1MTg=">εἶπεν</span>
    <span class="word" id="a.MTg2Nzc3NTk1MDk2Njgy">ὁ</span>
    <span class="word" id="a.NjYxOTg5MDMzNjQ3NjI=">γέρων·</span>
    <span class="word" id="a.MjA3ODk2OTgxNDQ5NTU3">Διατί</span>
    <span class="word" id="a.NjY0MTI0NTUxMzM2Nzg=">τάχιον</span>
    <span class="word" id="a.MTExNDYwNjI5NjEwODA2">οὐκ</span>
    <span class="word" id="a.MTk3OTAwODk0NDkwMjk0">εἶπες;</span>
    <span class="word" id="a.MTI1MTc3MjY5MTUyMzY3">Ὅμως</span>
    <span class="word" id="a.MjEyNzQwMDExMTIxNDE3">εὐξαμένου</span>
    <span class="word" id="a.Njk2MTk1OTkxMDU0NzY=">αὐτοῦ</span>
    <span class="word" id="a.MjI4Mjg2OTA5MDU0OTM=">παρέδωκεν.</span>
  </p>
  <h5 style="text-align: center;">
    <span class="word" id="a.MjMyMDkxMzY4NjI5NDg=">ηʹ.</span>
  </h5>
  <p>
    <span class="word" id="a.MjIxODQ0ODk1OTQ2MjEx">Ἀδελφὸς</span>
    <span class="word" id="a.MjUyNzkyNDY4MTkyODk4">εἶχε</span>
    <span class="word" id="a.MjE3NjA0ODE1MTE5NQ==">γέροντα</span>
    <span class="word" id="a.MTIwMzY0MTQwMDE0MTYx">καὶ</span>
    <span class="word" id="a.OTkyMjUyNjcwODIyMzk=">ἰδὼν</span>
    <span class="word" id="a.Mjc3ODgwNDk5MzM3MDg3">αὐτὸν</span>
    <span class="word" id="a.MTUzMjg2ODg2MjA1NTIz">ὅτι</span>
    <span class="word" id="a.NzA1Mjk1ODE3Njc3Mw==">θαυμαστῶς</span>
    <span class="word" id="a.MjY0NTEzMDM4MzY1NDIx">τοὺς</span>
    <span class="word" id="a.MTUyNTkxNTc5ODYyMDk1">νεκροὺς</span>
    <span class="word" id="a.MTQ3MTM0MjM2ODYyNjEz">κηδεύει,</span>
    <span class="word" id="a.NDI1Mzc5ODU2MDg3MTM=">εἶπεν</span>
    <span class="word" id="a.MjQ3NzIxNzEzMjQwMw==">πρὸς</span>
    <span class="word" id="a.MjYzMzY2ODQ3NDg2Nzc=">αὐτόν·</span>
    <span class="word" id="a.MjE5NDg2NDY4ODAyNDQw">Εἰ</span>
    <span class="word" id="a.MTExMTUzOTI5MTExMTMy">κἀμὲ</span>
    <span class="word" id="a.NzMxOTQxMzM1MzE4OTI=">τεθνηκότα</span>
    <span class="word" id="a.MTY4NTM2OTM0NzE5ODMx">οὕτως</span>
    <span class="word" id="a.Mjc2MzExMTgyOTA3MTY4">κηδεύσεις;</span>
    <span class="word" id="a.MjY5ODQ1NDM3MjY0NDIy">Ὁ</span>
    <span class="word" id="a.MTU0NDY0Nzc5Mzc3OTUx">δὲ</span>
    <span class="word" id="a.MjY0MzU1NDQ0MjY3NjEw">πρὸς</span>
    <span class="word" id="a.NjI3MjI3NTI2NjQ2Nzg=">αὐτὸν</span>
    <span class="word" id="a.MjEwNDU1NjU0NDI2ODU4">εἶπεν·</span>
    <span class="word" id="a.OTkyOTIxNDYzMzE5MzM=">Οὕτως</span>
    <span class="word" id="a.MjY3Mjk4MTQzMjUwODEx">κηδεύσω</span>
    <span class="word" id="a.OTgyMTU0OTgxMjg0MTQ=">σε,</span>
    <span class="word" id="a.MjU2NTAxMDgyMjQxMDQ4">ἄχρις</span>
    <span class="word" id="a.MjU3NzE3NjYyNDc4OTcx">ἂν</span>
    <span class="word" id="a.NzY3NzA4NTc1NTQ4NTk=">εἴπῃς·</span>
    <span class="word" id="a.MjQ2NTUxMTM0NDQxMDIz">ἀρκεῖ.</span>
    <span class="word" id="a.MTA0MTEwMzM1NzAzNDg1">Μετ᾿</span>
    <span class="word" id="a.MTk3ODQyMTk2NTU5OTk3">οὐ</span>
    <span class="word" id="a.MTAxMTU0Njg0MDY0NTI0">πολὺ</span>
    <span class="word" id="a.MTU5ODYwNjIyNjg2NzI=">δὲ</span>
    <span class="word" id="a.NzYxMDM5Mzc4NTg4Mjg=">τέθνηκεν</span>
    <span class="word" id="a.MTUwNTQyODUzNTExMTY0">ὁ</span>
    <span class="word" id="a.MTQ3OTk3Mzc1OTE3Njcy">μαθητής,</span>
    <span class="word" id="a.MjI2NjMyOTM0ODc0Mjc1">καὶ</span>
    <span class="word" id="a.NDU5OTU3ODE3MDE4MDc=">ὁ</span>
    <span class="word" id="a.MTQ3Nzc2ODEzNzQyNDA5">λόγος</span>
    <span class="word" id="a.MjU3NDIzNjM5MjE4MTMy">εἰς</span>
    <span class="word" id="a.MjA2NDEwMzExNTM0NTk1">ἔργον</span>
    <span class="word" id="a.MjY0ODA1OTA0MDc0NDUy">γέγονεν.</span>
    <span class="word" id="a.NzE0OTY5NTgzOTUyMzA=">Κηδεύσας</span>
    <span class="word" id="a.MTAwMDYwNDMwNDk3OTcz">γὰρ</span>
    <span class="word" id="a.MjcyMTE2MDI3NDg4MzMz">αὐτὸν</span>
    <span class="word" id="a.MjAzMjk1MDM0NDQyMw==">εὐσεβῶς,</span>
    <span class="word" id="a.NDc4Njc2OTI0Mjc5OTU=">ἔφη</span>
    <span class="word" id="a.MTYxNjQxMjU5NjM0MzUy">πρὸς</span>
    <span class="word" id="a.ODQzMDYwMzI3MTMzNDU=">αὐτὸν</span>
    <span class="word" id="a.MTIyODQ3NTMyOTkyNjQ=">ἐπὶ</span>
    <span class="word" id="a.MjM5ODEzNjIzODQzODE5">πάντων·</span>
    <span class="word" id="a.MTY3NTIwNzM5MTE5ODA2">Καλῶς</span>
    <span class="word" id="a.Mjg1ODc3ODYzMTcxMzc=">ἐκηδεύθης,</span>
    <span class="word" id="a.MjY0NjQwMzg3NjcwMzA=">ὦ</span>
    <span class="word" id="a.MTE2ODAwODExMjA1MTM3">τέκνον,</span>
    <span class="word" id="a.MjAzNjUyOTIxMzMwNDc4">ἢ</span>
    <span class="word" id="a.MjQ3NjIyNDc1MjAyMjUy">ἔτι</span>
    <span class="word" id="a.MTM0NDE2NDUxMTU4MTgx">μικρὸν</span>
    <span class="word" id="a.Mjc3NTY2OTk3OTk3MTUx">λείπεται;</span>
    <span class="word" id="a.MTQ4OTA0OTExOTg0MDkw">Καὶ</span>
    <span class="word" id="a.MTI4NTUxMzk3ODMwMjE1">φωνὴν</span>
    <span class="word" id="a.NTQ3NDAxMzkwOTY5MTg=">ἀφῆκεν</span>
    <span class="word" id="a.MTc0NTIwMDYxNDU3NTkx">ὁ</span>
    <span class="word" id="a.MTY3MTIwMTQ5NTc3ODMw">νεανίσκος·</span>
    <span class="word" id="a.OTIzMjg1NzY4NjEyMzY=">Καλῶς</span>
    <span class="word" id="a.MjQwOTk0MzU1OTQ4ODM2">ἔχει,</span>
    <span class="word" id="a.MjE1OTMwMzI4NDE2Mjg3">ὦ</span>
    <span class="word" id="a.MjU0NDk0MTI5NjYzNTcy">πάτερ,</span>
    <span class="word" id="a.MTg5MjE4NTQ4NTM4NDIz">τὴν</span>
    <span class="word" id="a.MTk2OTEyODUzMzM1MTM0">γὰρ</span>
    <span class="word" id="a.MTI2NjU4NzI0NjAwNzUx">ἐπαγγελίαν</span>
    <span class="word" id="a.MTEyNTk0NjgzNTg4NDc2">ἐπλήρωσας.</span>
  </p>
  <h5 style="text-align: center;">
    <span class="word" id="a.MjE0NjY4MTg4MzkwMDQy">θʹ.</span>
  </h5>
  <p>
    <span class="word" id="a.MjE3NDk4ODA1MDUyODAx">Ἔλεγεν</span>
    <span class="word" id="a.MTY0NjY2ODcyOTE2ODY3">ὁ</span>
    <span class="word" id="a.NjIzNjYxNDAyNjk4">ἀββᾶς</span>
    <span class="word" id="a.MTM5MDUwMzIyNDc1NTU0">Βισαρίων</span>
    <span class="word" id="a.MTU5MTE0MjU5MDA4MzU0">ὅτι</span>
    <span class="word" id="a.MjE1OTM2MTk4NTkwNTc0">ἦν</span>
    <span class="word" id="a.MjM3ODE5MTYwNzAyMTA1">τις</span>
    <span class="word" id="a.MTAwNjk4OTk0MDY2ODQ1">ἀποταξάμενος</span>
    <span class="word" id="a.MTgxMzU0NjkzNTgwNDI2">ἀπὸ</span>
    <span class="word" id="a.NzI3MDAwNjgwMzc3Mjc=">κόσμου,</span>
    <span class="word" id="a.MjY0NTQ5MzM4OTE1NjQy">γυναῖκα</span>
    <span class="word" id="a.MTU2MDIwMzg4ODcxMjQy">ἔχων</span>
    <span class="word" id="a.MTc5MjUyOTEzMTM5MjYz">ὁμοίως</span>
    <span class="word" id="a.MTM0MTY5MTcyMzMwMTcy">καὶ</span>
    <span class="word" id="a.MjI3NDM0OTE0OTM0ODgw">θυγατέρα</span>
    <span class="word" id="a.MjcwNzg2NTY3NjY0MTM0">κατηχουμένην,</span>
    <span class="word" id="a.OTUyOTY0Mjk3ODMzOTI=">πλὴν</span>
    <span class="word" id="a.OTcyNjQyNzQ3MzQxODA=">χριστιανήν.</span>
    <span class="word" id="a.MjUwMDUyNDIxMzczNzAx">Ἐμέρισεν</span>
    <span class="word" id="a.MjUyMTQ0MzU5MzU5NDA3">οὖν</span>
    <span class="word" id="a.MjE0OTk1NjA4NzY1MTY5">τὰ</span>
    <span class="word" id="a.MjU1MDg5OTQ3MjIyNTM3">πράγματα</span>
    <span class="word" id="a.MjA5Njg2NTAyNTkyNzA=">αὐτοῦ</span>
    <span class="word" id="a.MTg5ODEyNDM0NTgyMzIy">εἰς</span>
    <span class="word" id="a.NTM1OTM1NjAyMDYzODI=">τρία</span>
    <span class="word" id="a.MTc0MjY2MzA1NDIwOTkz">μέρη.</span>
    <span class="word" id="a.MTMwMjg2ODE3MzIzNTM3">Τελευτησάσης</span>
    <span class="word" id="a.NTYyMjQ3OTAzOTY3NjY=">δὲ</span>
    <span class="word" id="a.MTk0MTk3MzA3NjI4Mjcz">ἐν</span>
    <span class="word" id="a.MjAxODMyMjEyMzQzMzYy">τῷ</span>
    <span class="word" id="a.MTMxNTQxOTg3OTA4Njc5">μεταξὺ</span>
    <span class="word" id="a.NTc0NjE0OTEyMTQ1ODQ=">τῆς</span>
    <span class="word" id="a.MTEzMzkwNzE0MTE3MDYx">θυγατρὸς</span>
    <span class="word" id="a.MjY0Nzg1MjkwMjk2MTc3">κατηχουμένης,</span>
    <span class="word" id="a.MTY3Mzk5OTA5MTE0MzA1">ἀντίλυτρον</span>
    <span class="word" id="a.MTE3ODIwMjcxNzQ0NDI5">ἔδωκε</span>
    <span class="word" id="a.MjY5NzY2MzMzMzMxNTc1">τοῖς</span>
    <span class="word" id="a.MjE1OTU4MTc5MTI4NTQy">πτωχοῖς</span>
    <span class="word" id="a.MjE0ODU1Njc4NzM5MTQw">τὸ</span>
    <span class="word" id="a.Nzg5NzIyOTE4MjYwNTQ=">μέρος</span>
    <span class="word" id="a.NjQ2NzA5MDE2NDk0ODY=">αὐτῆς</span>
    <span class="word" id="a.Mjc2MDA3OTUwNDEwNjI=">ὁ</span>
    <span class="word" id="a.MTcwNjQzNDU3NzgyMTc1">πατὴρ.</span>
    <span class="word" id="a.MTA4NzU0MDQ4NzIyMjg1">Ἔτι</span>
    <span class="word" id="a.MjM2NDkxNjY3ODE3NTQ5">δὲ</span>
    <span class="word" id="a.MTM2NjA2MDU5NzAwNDUz">καὶ</span>
    <span class="word" id="a.MTAzNDQyNTEyMjk0MDc1">τὸ</span>
    <span class="word" id="a.ODg1NzczODcwMTk5ODI=">τῆς</span>
    <span class="word" id="a.MjM3NTY2MzY0OTU2NTg0">γυναικὸς</span>
    <span class="word" id="a.MTUxOTg4MDQwOTUxODAz">αὐτοῦ,</span>
    <span class="word" id="a.NzA5MTAwNjUyMjYwNzE=">καὶ</span>
    <span class="word" id="a.MTc3OTI4Njc3NTA1NzI3">τὸ</span>
    <span class="word" id="a.MTY3NjI5OTExMzY3NTEw">ἑαυτοῦ.</span>
    <span class="word" id="a.MjYxODgzNDk1NTU5NjA2">Οὐκ</span>
    <span class="word" id="a.MTkxNjQ1MTc0ODE2OTQy">ἐπαύετο</span>
    <span class="word" id="a.MjM2OTQwOTcyOTY2Mjk2">δὲ</span>
    <span class="word" id="a.OTQ3MTEzNDk2MjYzMDU=">παρακαλῶν</span>
    <span class="word" id="a.MTc3MjMxMDA5MTEyNTMy">τὸν</span>
    <span class="word" id="a.MTIwODQxNzM1NzAxMjU2">Θεὸν</span>
    <span class="word" id="a.MjYwNTk0MTI3NzY2MDAx">περὶ</span>
    <span class="word" id="a.MjY0ODk0ODE2Mzk0Nzgw">αὐτῆς.</span>
    <span class="word" id="a.MjAxNjc3NTE4ODYzMzMx">Ἦλθεν</span>
    <span class="word" id="a.MjY4MDI4ODkwNDY2Mzkw">οὖν</span>
    <span class="word" id="a.MjIzMDEyNzIzMjA2OTQ3">αὐτῷ</span>
    <span class="word" id="a.NzQ0NDQzODU4NTM2OTg=">φωνὴ</span>
    <span class="word" id="a.MTk2NzE1NTc5OTM0MTQx">προσευχομένῳ,</span>
    <span class="word" id="a.MTAzNzc5OTUxNDY5MTU=">ὅτι</span>
    <span class="word" id="a.MTk1MzYzOTE2ODk5ODky">ἐβαπτίσθη</span>
    <span class="word" id="a.MTUyNjI4MjY1MDQ5NjM2">ἡ</span>
    <span class="word" id="a.MjA2Mjg4MzcwOTU2MDg3">θυγάτηρ</span>
    <span class="word" id="a.MTAzOTc0NDk3MjIzMjM2">σου,</span>
    <span class="word" id="a.MTkxNTYwMDYzOTM2NDQ5">μὴ</span>
    <span class="word" id="a.MTA3NDQzODg1MTcxMDkw">ἀθύμει.</span>
    <span class="word" id="a.MjQ2MDY1OTI2MzcwNjMw">Ὁ</span>
    <span class="word" id="a.MTIzNjU2MDUyNTAwMjA=">δὲ</span>
    <span class="word" id="a.MjI0MTE5Nzk3MzQ1NTI2">ἠπίστησεν.</span>
    <span class="word" id="a.MTI1NjMyMjI4NDY5ODc2">Λέγει</span>
    <span class="word" id="a.NzI3NDI2Mjk5NTgxMjQ=">οὖν</span>
    <span class="word" id="a.MjQwMzcwNzcwMTYxMDc5">αὐτῷ</span>
    <span class="word" id="a.MjIwMjY1NTIwMDY3NDY=">πάλιν</span>
    <span class="word" id="a.OTAzMzg1ODM3NzI3Njc=">ἡ</span>
    <span class="word" id="a.MjY0MzQ0NTY5NjYyNjcw">ἀόρατος</span>
    <span class="word" id="a.MTU1NjYzMzUwNjUwOTMz">φωνή·</span>
    <span class="word" id="a.MjA5MDMwMTEwMDEwNTYz">Ὄρυξον</span>
    <span class="word" id="a.NjEyMjIwODMzNzU3Nzg=">εἰς</span>
    <span class="word" id="a.MjQ5MjIwODAzODYxNjA=">τὸ</span>
    <span class="word" id="a.Njk1NDM2MjMzNTI4Mzg=">μνημεῖον</span>
    <span class="word" id="a.MTQ1NTE5MjkzMzE0Mjg=">αὐτῆς</span>
    <span class="word" id="a.OTMzMTE2ODQ2NjM1">ἐὰν</span>
    <span class="word" id="a.MTQxOTczODYwNjExNzAz">εὕρῃς</span>
    <span class="word" id="a.MjA4NTk2NjU1OTA2MzM1">αὐτήν.</span>
    <span class="word" id="a.OTk1MDUyMTU5NTA3Mzc=">Ὁ</span>
    <span class="word" id="a.NTE3ODE0NTUxMzQ5NTY=">δὲ</span>
    <span class="word" id="a.OTcwNDYwNTgzMTU0MjY=">πορευθεὶς</span>
    <span class="word" id="a.MzQ3Njk0NzA0NzU3OTU=">ἐπὶ</span>
    <span class="word" id="a.MTUyOTk1NDUxOTQ2OTAx">τὸν</span>
    <span class="word" id="a.MTUwODU2MTYyNTg1MDQx">τάφον,</span>
    <span class="word" id="a.MTMxNjMwMTc0MTkxNTI4">ὤρυξε</span>
    <span class="word" id="a.NjI4NjAyOTI0MjkzMTc=">καὶ</span>
    <span class="word" id="a.MTUxMzQyNTk1MDE5NzA4">οὐχ</span>
    <span class="word" id="a.MTA0OTcyOTAwNzQ2MTk4">εὗρεν</span>
    <span class="word" id="a.MjYyMzE5NjU4MTI5NjA3">αὐτήν·</span>
    <span class="word" id="a.ODI3MTgwODI2ODY4MDI=">μετετέθη</span>
    <span class="word" id="a.OTM4MjcwNjQyOTYwOTQ=">γὰρ</span>
    <span class="word" id="a.MTc4MzE0ODcxOTYwNzc1">μετὰ</span>
    <span class="word" id="a.MjI1MDA2OTM3NjAxODAw">τῶν</span>
    <span class="word" id="a.MjUxNDkxMTcyNjM0Nzg5">πιστῶν.</span>
  </p>
  <h5 style="text-align: center;">
    <span class="word" id="a.MTUyNjI5NTE5MzA1MjQ0">ιʹ.</span>
  </h5>
  <p>
    <span class="word" id="a.MjU0NjExMzM5MDc2NjU4">Εἶπεν</span>
    <span class="word" id="a.MTA3NTY5OTg3MTQ1Mzg=">γέρων·</span>
    <span class="word" id="a.Njk4MzY4ODM3MzE2ODI=">Αὕτη</span>
    <span class="word" id="a.MjU3NzI2MjI0NjYzODcz">ἡ</span>
    <span class="word" id="a.MjYxMTE1MTE0NzYzMzI5">φωνὴ</span>
    <span class="word" id="a.MjExMDMyNjM5MzE1NDg5">βοᾷ</span>
    <span class="word" id="a.MjUwNTY3ODk4MjkyMDM2">πρὸς</span>
    <span class="word" id="a.MTM3NDg3NDM2NTI1NjA5">τὸν</span>
    <span class="word" id="a.MjU0MjE5NTcxODgwODc=">ἄνθρωπον</span>
    <span class="word" id="a.MTIxMTUzNjIxMzU3NTc3">ἕως</span>
    <span class="word" id="a.MTcwNjUxNDg1NDkzNTIx">ἐσχάτης</span>
    <span class="word" id="a.NzE1MjAyNTU3NTczODY=">ἀναπνοῆς</span>
    <span class="word" id="a.MTMwODQ3MDg4Njk2Mjcw">ὅτι</span>
    <span class="word" id="a.MTQwNzA2NTMzNTcyODE4">σήμερον</span>
    <span class="word" id="a.MTg2Njg0NzE3MjkyODk=">ἐπίστρεψον.</span>
  </p>
</section>
